cname1,ccode1,territor,river,maritime,milex_i,milper_i,cinc_i,domrel_i,englishlanguage_i,frenchlanguage_i,arabiclanguage_i,spanishlanguage_i,navaltonnage_i,jointigo,same_major_relig,corr_relig,ptacnt,capitaldistance,centdistance,mindistance,polity2_i,xrreg_i,xrcomp_i,xropen_i,xconst_i,parreg_i,parcomp_i,exrec_i,exconst_i,polcomp_i,gdp_i,gdpcap_i,pop_i,infantmortality_i,fdiingdp_i,fdioutgdp_i,aidgni_i,fuelexports_i,r_eastasia,r_europe,r_latin,r_me,r_none,r_na,r_southasia,r_africa,migration_ij,migration_ji,trade_ij,expfob_ij,expfob_ji
AFGHANISTAN,700,0,0,0,102917.022828583,78.57531,.0015263382142374,2,0,0,0,0,0,3.225044,.23452024,.2194912980882436,.0041430742,7122.437,6958.4487,5966.5591,4.9404635,-31.702013,-32.472645,-32.041603,-31.844387,-30.670809,-32.077805,-31.169392,-31.844387,-32.077805,8812973217.007261,373.722248875751,14470757.51330542,147.2510333648548,.8734326879337101,.0108256459801339,10.37037699574373,13.68348799539081,0,0,0,0,0,0,1,0,5653462,4762382,30620114113.63351,5846800019.638257,17971907394.50293
ALBANIA,339,0,0,0,118064.5712548967,44.250843,.000545922828583,2,0,0,0,0,1800,9.9042282,.23452024,.5044545862402505,.0031763569,5828.4326,5831.7056,5252.1719,7.6036744,2.1272457,1.5056058,4,2.653924,3.4929082,2.0394435,4.640686,2.653924,3.5859787,6486487309.780192,2125.018552163457,2725592.689585303,36.13141939369634,3.126344605293268,.1178792752711376,11.18433034870843,2.438387233675123,0,1,0,0,0,0,0,0,6843418,2788597,28568060360.38416,5647828041.495191,19129320892.24151
ALGERIA,615,0,0,0,1206354.844849512,112.50233,.0032120519570439,2,0,0,1,0,7849.261578044597,8.0192175,.23701298,.2268417364404836,.42153892,6004.1982,6093.3145,4658.8086,4.7392964,2,.86675143,3.4670057,1.8776318,3.5609722,1.7347746,3.2664971,1.8776318,2.908577,79586083986.47682,3329.874524024835,23132771.5930479,77.03128444256228,.6166191478542963,.038835309982134,1.237986751848404,93.03109504172556,0,0,0,1,0,0,0,0,8714410,4329019,753515329848.9454,401087202392.5675,274369856610.1157
ANDORRA,232,0,0,0,0,-.68502027,2.53136437247e-06,1,0,0,0,0,0,2.0383627,.63978755,.6457385061828593,.037563872,6020.4976,6033.939,5548.2114,,,,,,,,,,,1994630072.723597,39184.80013801641,45552.17114683236,5.748996611936356,,,0,.0602331525783982,0,1,0,0,0,0,0,0,0,0,0,0,0
ANGOLA,540,0,0,0,854007.5978835978,90.973732,.0014745001889645,1,0,0,0,0,0,7.5502644,.61712694,.6262594807313114,.56796771,7146.8149,7321.9097,6078.4971,6.596561,-16.495087,-17.285336,-14.914588,-15.704838,-15.238284,-16.493765,-15.704838,-15.704838,-15.378496,31608130041.52744,2197.216452459258,13068209.35525321,127.3555960548881,9.047292025534071,.4429189837098081,5.705821372197811,81.27862354108034,0,0,0,0,0,0,0,1,5048815,3556029,192154654722.9717,112090046173.4534,54000118059.01472
ANTIGUA AND BARBUDA,58,0,.0013989927252378,0,2164.679963108139,0,2.94278994697e-06,1,1,0,0,0,0,15.732304,.62521172,.6224424126439847,.45339578,8736.9072,8789.8369,8314.7871,,,,,,,,,,,778752054.7366258,10179.93132633012,75645.34632234264,19.10935626791763,8.127267936978212,.6350907786897243,1.227304868018882,.2424442836791512,0,0,1,0,0,0,0,0,1489475,2745068,9976046485.063332,0,7328372285.684908
ARGENTINA,160,.0042168675,.1390060240963855,.0042168675,2079816.117790085,114.97893,.0060976679994598,1,0,0,0,1,62907.63649871674,20.354856,.60031462,.6015420590693105,.2915343,10590.721,10965.292,9071.2598,13.025801,2.7175469,2.4350939,4,4.1569633,2.7540185,2.7891395,6.5877347,4.1569633,5.6851277,222052862802.2995,7225.508656678843,30346688.07388897,30.83251864783414,1.433704998039201,.1987547759855145,.0706277860458318,6.401457736434034,0,0,1,0,0,0,0,0,7850472,7462114,936407257989.8888,458026905648.8943,371720715142.6069
ARMENIA,371,0,0,0,325350.9039186134,45.29126,.0006853734740015,1,0,0,0,0,0,12.608516,.63978755,.6441043735758217,.12504765,6150.3442,6148.3989,5583.2505,14.704597,2.282969,2.1397891,4,4.5704598,2.6443105,3.4261491,6.7102485,4.5704598,7.0648079,4497025274.925992,1450.166896935222,3138915.399773926,28.96857573474044,3.999428271471389,.1419090040544241,10.11037986571646,4.93298884134817,0,1,0,0,0,0,0,0,3534369,1052998,16602204846.96337,4752715191.331518,8269104345.407303
AUSTRALIA,900,0,0,0,5308493.072808321,65.55545,.0074126514115901,1,1,0,0,0,74373.09928407402,.88464135,.60031462,.6048541348856028,.05358376,13070.739,12267.822,9841.376,21,3,3,4,7,5,5,8,7,10,544171127072.0761,33045.35030976336,15772337.21356207,10.51715520734851,1.817134633355342,.8271003967843105,0,16.23880068348403,1,0,0,0,0,0,0,0,9446343,11356263,2882399527126.786,1226154561318.545,1233091523801.696
AUSTRIA,305,0,0,0,1075247.362690801,47.194382,.0027617135215453,1,0,0,0,0,0,18.785627,.60031462,.6069013483956071,.33075541,5925.4863,5926.9995,5240.8838,21,3,3,4,7,5,5,8,7,10,232530084554.0086,29942.43537121126,7681261.48926111,13.70002701607459,1.654390272008735,1.543840149869727,0,1.878495009285556,0,1,0,0,0,0,0,0,8263207,10761655,2529054774395.616,871462608100.3274,1210177110808.971
AZERBAIJAN,373,0,.0528820729772607,0,441514.7852298418,66.503387,.0013473198568199,2,0,0,0,0,1494.456121912769,12.987943,.24963786,.2544823614028766,.09531071,6294.8804,6218.1416,5557.415,5.3376036,2,1.0693293,4,2.2113791,3.5738509,2.2113791,3.2773173,2.2113791,3.0602863,14167427684.35791,1778.497087649701,7924977.938960061,63.71103993971363,25.97341012006478,11.83151743660146,3.449171476849699,78.57373053149544,0,1,0,0,0,0,0,0,2840864,422046,43023752126.34253,23103074272.13501,23604822165.94199
BAHAMAS,31,0,.0232172470978441,0,22132.05620189726,.42616788,.0001021804725255,1,1,0,0,0,0,20.684626,.61557788,.6109850615538417,.33406234,9239.3037,9322.2549,8533.0029,,,,,,,,,,,5584872353.686582,21287.76966471884,257406.0717737605,19.39994630391968,1.668470021013743,.4071136145882765,.1246889860132379,40.55191868521955,0,0,1,0,0,0,0,0,1907119,4913481,143018481984.0978,66198339946.29366,81725029988.19357
BAHRAIN,692,0,0,0,239158.9746555537,6.0971255,.000450488773601,2,0,0,1,0,4100,3.7309067,.23992838,.2562837880111673,.13156526,6523.4023,6497.9355,6042.3042,1.861541,3,1,1.7732607,1.5198163,3.8702161,1.2119408,1.7732607,1.5198163,1.3417248,11660369882.79741,20423.35284323715,502499.52849124,20.83963259057681,4.447647238149958,2.286772087782102,2.407706730795848,32.90391749087991,0,0,0,1,0,0,0,0,2968847,4143242,179064019134.7085,65411203898.65791,99583206798.83051
BANGLADESH,771,0,0,0,371118.9399557748,106.57458,.0058854133526109,2,0,0,0,0,8195.800642479215,3.1500256,.23985311,.2201303933794001,.18547408,8393.0127,8328.5117,7597.6968,11.728866,2.3381526,1.6395645,2.219425,3.5221977,2.8307536,2.3381526,6.4478655,3.5221977,4.5671034,46160213066.73561,422.6098414811569,105117655.6655894,100.5209219254969,.1425214339374124,.0068877292641102,4.610332149563013,.965216178269962,0,0,0,0,0,0,1,0,6105004,5827723,222552115742.6274,63629736092.80858,120610010138.9341
BARBADOS,53,0,0,0,9124.805690809495,.42544127,.000019199117468,1,1,0,0,0,0,18.843275,.60987699,.5910808540010639,.36533085,8743.6846,8803.7549,8304.2109,,,,,,,,,,,3750066426.74033,14009.01048871449,257524.8648813147,21.60456482045075,.9348627492176505,.0762059533497377,.172444961840707,4.580337155183866,0,0,1,0,0,0,0,0,3566988,3101452,30854108727.79636,5650523791.308405,18019171853.02949
BELARUS,370,0,0,0,1234318.010550113,69.179352,.0023322368500377,1,0,0,0,0,0,12.517709,.63978755,.6442991189563615,.15249714,6112.5762,6111.7495,5389.7944,7.4604373,2.1428034,1.4257724,4,3.1284852,3.5768652,2.2113791,4.2746797,3.1284852,3.057272,28100040305.17088,2816.260571186394,10014208.08590806,10.31130369253987,1.046141725498452,-.1002710795054928,.191669910993977,19.70595723778954,0,1,0,0,0,0,0,0,2797619,435264,202543015574.5663,96173203699.99985,87253914486.49551
BELGIUM,211,0,.0435240963855422,0,2620740.299473187,86.717278,.0057362882074835,1,0,1,0,0,6159.537572254335,23.365122,.60031462,.6085948047523354,1.478387,6093.0571,6097.9946,5509.4766,21,3,3,4,7,5,5,8,7,10,292278375257.3133,29233.96575688029,9912058.484263137,12.06082669188155,9.624575578991403,5.251013847799131,0,4.415984139047941,0,1,0,0,0,0,0,0,8954535,10828208,7201623541192.291,1561048117548.479,1483469742526.803
BELIZE,80,0,.0111919418019026,0,10941.60940742449,1,.0000174355775882,1,1,0,0,0,0,18.04842,.62521172,.6226637272157384,.3733021,10064.058,10090.55,9532.0166,,,,,,,,,,,703082997.4402616,3200.015064302259,210959.759741757,28.38266082545469,3.704132466831029,.5963622868677179,5.15893768911155,3.552132200472077,0,0,1,0,0,0,0,0,2044668,1595065,11638175053.54373,3666740123.345233,6417306444.999646
BENIN,434,0,0,0,21352.93663610237,4.7830849,.0002967401259067,1,0,1,0,0,0,12.784453,.15616399,.3702051714902686,.62526226,6567.0254,6493.6968,5790.5015,9.8115501,-3.3378952,-4.0922403,-3.1723006,-2.369235,-2.1064732,-2.7555768,.25017107,-2.369235,-.57506502,2975411033.405721,616.3953562037189,4687917.454906254,121.2767893800471,.8360022262688143,-1.517024717228169,8.518759992791775,2.294707657219688,0,0,0,0,0,0,0,1,4218667,5738477,20397203249.93552,4217187108.337175,22850303965.98912
BHUTAN,760,0,0,0,2485.077395781432,2.8661351,.0001000275535625,3,0,0,0,0,0,1.4442793,.04039428,-.0261549573029577,.028863417,8226.8818,8212.1602,7617.8848,1.1290017,3,1,1,1.0258003,3.9483993,.97419965,1,1.0258003,1.1032014,501838811.9500365,911.2109971791991,445736.1385924625,100.6698587891586,.3319654093125012,,17.33162572970003,29.73985460397348,0,0,0,0,0,0,1,0,1682319,2001722,1513290936.118765,0,858251783.4258152
"BOLIVIA, PLURINATIONAL STATE OF",145,.0030120481,0,.0030120481,110618.9643387816,25.823721,.0007535226664866,1,0,0,0,1,0,16.655005,.60031462,.6019634950807163,.27841458,10368.416,10267.028,9106.0137,13.9588,2.3294611,1.8181819,2.5859787,4.786303,2.5988114,2.9027421,6.3798461,4.786303,6.0378227,9609487126.186556,1514.749986886726,6305174.49979738,101.766202890719,2.875774753557791,.0255603069123839,6.899151841725916,22.95425815405857,0,0,1,0,0,0,0,0,5160636,6363784,67137325100.3614,33250500539.77297,38126247888.86961
BOSNIA AND HERZEGOVINA,346,0,.0140597539543058,0,365750.6072874494,43.026722,.0006258093522267,1,0,0,0,0,0,14.384615,.63978755,.6723271391185434,.018435068,5854.1968,5866.4448,5288.0972,11,-67.678947,-67.678947,-67.678947,-67.678947,-67.678947,-67.678947,-67.678947,-67.678947,-67.678947,9881693047.487696,2616.371466258999,3813436.943319838,9.670485829959599,4.145343266899974,.9775831030359231,20.3699364755646,7.017899013934071,0,1,0,0,0,0,0,0,2496829,3031033,45114828316.4057,7468107900.897132,32006848331.94454
BOTSWANA,571,0,0,0,109493.6098600122,4.6781802,.0001140459068777,1,1,0,0,0,0,6.2207851,.42088175,.4841963641306984,.42497671,7923.5107,7805.4673,6873.5137,17.793365,2,2,4,5.793366,2,4,7,5.793366,9,4554833657.143231,3094.108855059329,1273940.740566038,55.38081253804063,2.847179842079094,.5956060207747493,7.417435553838584,.0543269331072094,0,0,0,0,0,0,0,1,2288668,4499394,25397776385.72388,0,6647070624.033873
BRAZIL,140,.0063253012,.0183734939759036,.0063253012,5041559.103606646,356.20816,.0226185429150342,1,0,0,0,0,88860.60867215994,20.771984,.60031462,.6021650874637863,.33807486,9344.3994,9452.249,7069.0654,12.921654,1.0714575,.90355259,2.4590032,2.2782655,1.3010942,1.421856,5.3160882,2.2782655,4.2559772,1027697300116.497,7243.0583996844,134118523.3656626,67.5124003782236,1.506224489112118,.1586407318741165,.2178248188904139,2.415567652449767,0,0,1,0,0,0,0,0,8394082,9714411,2431788321273.641,1122224937206.7,969239221613.6139
BRUNEI DARUSSALAM,835,0,0,0,273588.584019975,4.9982524,.0001354437453184,2,0,0,0,0,0,.91985017,.24474761,.3243386634390358,.069944248,10362.105,10304.868,9789.8379,,,,,,,,,,,11054305186.705,37753.94943058337,294760.7837702871,10.024019975031,2.034445950382684,.7423566276941845,.1187458561934142,96.87956534623235,1,0,0,0,0,0,0,0,1690669,1014463,102520065660.8496,68330773856.90275,38283216741.74891
BULGARIA,355,0,.0173192771084337,0,1369273.836147508,136.54816,.0029908355531541,1,0,0,0,0,4403.373908221267,13.225719,.60031462,.6373530634051656,.084242508,5855.4268,5874.2368,5178.2827,10.189113,2.4040253,1.8080508,4,4.6161017,3.1919491,1.9367824,5.0201268,4.6161017,3.6816156,34184097363.69989,4055.016122323476,8465471.599081453,19.06011021619325,4.629355250998582,.0650157176001574,0,7.805485786329523,0,1,0,0,0,0,0,0,7804681,6730711,273183290814.043,81775456461.63884,135593424948.8647
BURKINA FASO,439,0,0,0,40383.19583960585,7.2805529,.0004392901738059,0,0,1,0,0,0,11.764472,.16949153,.3286921507619229,.52161139,6478.3032,6506.9346,5662.165,6.6857805,-.20418777,-1.6659368,-1.3745723,.12166416,1.6179006,-.0068427534,2.6532092,.12166416,.8891474,3058178363.327605,346.936656269058,8315341.848227727,112.6080881346665,.2680373989360189,.0413988175654646,11.16190576998463,.3434707151629162,0,0,0,0,0,0,0,1,5348434,4653332,19081127917.40171,4094667731.047196,12393412463.12301
BURUNDI,516,0,0,0,30503.19556309171,17.000141,.0003374110357496,1,0,1,0,0,0,7.6439171,.60358691,.6162102389521633,.50916702,6851.4282,6860.5532,6289.7114,6.8051434,-18.575243,-19.422636,-19.333757,-18.323725,-16.615797,-18.377703,-16.356083,-18.323725,-17.888512,1320453607.430632,267.6842872860594,4945108.48594037,115.3109289617483,.1388760283352963,-.0945919485269592,15.575228452049,.1616713630232669,0,0,0,0,0,0,0,1,3860553,4910305,7812827043.568359,1473894979.07261,3505960149.153723
CAMBODIA,811,0,0,0,66729.83736323113,87.065651,.0011326573821424,3,0,0,0,0,0,1.4876401,.042757042,-.0089124502599716,.0089766607,9594.7881,9483.625,8732.6641,8.3795261,-27.214643,-28.064568,-27.356747,-26.99122,-26.308388,-26.931919,-25.473862,-26.99122,-25.742943,5075921216.776072,423.6894828473883,8835661.54356342,93.1409742647057,4.450452218166598,-.8957195904882511,9.7042799327574,.4547013258945899,1,0,0,0,0,0,0,0,4657049,4929589,40726812591.81091,13253101156.29121,23495530095.23624
CAMEROON,471,0,0,0,111755.6278535729,13.702013,.0007259007024179,0,1,1,0,0,0,12.042955,.47876447,.5894147307032686,.5473001,6537.8999,6479.4614,5450.0762,4.7568555,2,1,4,2.2282858,3.6414967,1.8115629,3,2.2282858,2.8870728,13061589995.6191,1216.38783978296,10563131.8189923,109.1329866270409,.9369170754741939,.0293072713721178,4.250701466481604,21.09548460723345,0,0,0,0,0,0,0,1,5301802,7158458,105404822000.0428,45825423278.2577,40436799484.42725
CANADA,20,0,.038855421686747,0,6328104.877482102,81.434013,.0115835987977846,1,1,1,0,0,53834.50493043361,27.139402,.60031462,.6028366059229442,.03797818,8629.6963,9119.5732,6055.0518,21,3,3,4,7,5,5,8,7,10,894055829575.7794,33233.93999312838,25947460.72362556,11.0286910711872,1.847217241649501,2.013148292212586,0,11.13902796210449,0,0,0,0,0,1,0,0,10716701,11301027,9430471678646.988,4651169243295.966,3986072459435.986
CAPE VERDE,402,0,0,0,2724.386621315193,2.2789116,.0000289708238851,1,0,0,0,0,0,11.800264,.61712694,.6251094612192212,.41049799,7233.3491,7282.4595,6670.5669,13.984883,2.5334468,2.0668933,4,5.7135301,3.4416099,2.9720333,5.6672335,5.7135301,5.6710129,564024482.2050507,1403.413583142365,364237.8246409675,47.28852985638675,3.016382946573984,.0786640780915297,29.30561124609487,.3721557394818179,0,0,0,0,1,0,0,0,4423213,2569579,76549993.6094,225225915.7865009,4722147237.369129
CENTRAL AFRICAN REPUBLIC,482,0,0,0,15014.03914055016,3.5273025,.0001877571780484,1,0,1,0,0,0,9.0696592,.53281182,.5897913453813728,.41712126,6481.8311,6407.7681,5380.856,7.6341863,1.3340632,.51922816,1.0384563,2.1430135,3.3500752,1.7243739,4.8532915,2.1430135,3.0503626,1314933429.143163,504.1729781400277,2721353.68071712,121.9322430546035,.5324213458514977,.1580225048713908,11.42536671047065,.3071291120179541,0,0,0,0,0,0,0,1,3869111,3827803,9208156888.529812,3905046030.993509,3482460654.334251
CHAD,483,0,0,0,33489.18037498289,20.363077,.0004159673326947,2,0,1,1,0,0,9.0413303,.23526002,.503254867265304,.4183802,6256.8091,6152.7964,4990.292,6.0852609,-13.140824,-14.324347,-13.557821,-13.396333,-11.661831,-13.135897,-11.190913,-13.396333,-12.251813,3142350952.45998,552.1796132566365,5709035.051868072,111.522878040484,5.378678164552031,.2066748488333804,10.41472667124146,3.528973815072434,0,0,0,0,0,0,0,1,5126576,6044748,11760676219.91874,4911396501.422389,4889572108.472853
CHILE,155,.0052710841,.0711596385542169,.0052710841,1316657.350398487,93.184517,.0027928390652438,1,0,0,0,1,50274.64946643253,19.408077,.60031462,.6016852036386298,.36072364,11094.307,11253.842,9427.2646,13.682426,2.213562,1.6851276,2.6102931,4.4265838,2.6718898,2.914494,6.5187087,4.4265838,6.0436311,82191170759.8915,6303.492750112835,12244654.94988518,35.95661218425022,3.479852667153151,.9927284847937934,.467144625670538,.8123184567234275,0,0,1,0,0,0,0,0,7135190,8100005,671143335853.9168,326386345281.8517,281285589867.1633
CHINA,710,0,0,0,28210462.39767662,3239.9043,.1275656894097024,0,0,0,0,0,159711.1658786978,3.8044035,.012012012,-.0062857261579024,.0078718411,9131.9287,8613.7451,5914.0205,3.660543,2,1,4,2.660543,4,1,3,2.660543,1,987891564314.6148,835.4638807405202,1037392207.888694,44.43105856213268,2.847969465112176,.3722102654148422,.3192177577427248,6.508927854019694,1,0,0,0,0,0,0,0,10361861,6885400,9650704275484.41,3155695608756.167,2463524913418.841
COLOMBIA,100,0,.0739457831325301,0,1105680.925435634,98.342155,.004377042415237,1,0,0,0,1,13429.14359043631,20.489801,.60031462,.6023612901440485,.36459053,9793.9951,9822.3252,8578.5654,18.57058,2.754694,2.754694,4,6.0986085,2,3.7172768,7.754694,6.0986085,8.4345531,126067823480.9333,3856.972628481678,30850327.61772255,43.19015264082233,1.667731585774977,.3187705985703771,.6126597986299794,21.30203460727645,0,0,1,0,0,0,0,0,7051604,8159953,507162575346.9133,217829129890.0313,231485320787.5684
COMOROS,581,0,0,0,368.6946334089191,-4.2881708,.0000254927437642,2,0,1,1,0,0,5.504724,.2398172,.2290942577639365,.47567776,7581.3623,7589.0215,7101.1064,10.1935,-1.0028344,-2.2097507,-1.6549509,.55744523,.31065759,-.50302345,2.4442556,.55744523,1.5168178,375004818.2066279,835.2899723034291,433730.824452003,91.68686696900718,.4960778809876462,.2062314276316831,21.79072343551553,.0512093587269522,0,0,0,0,0,0,0,1,3203437,1733895,2783897751.100776,0,1984855525.411413
"CONGO, REPUBLIC OF",484,0,0,0,46219.84726974135,11.13617,.0002879323799097,1,0,1,0,0,0,9.3188725,.60031873,.6096679251508591,.41712126,6841.4634,6715.3291,5809.9487,6.225811,-.025318189,-.97235525,.93444639,.54605174,1.5814972,-.50348979,1.931025,.54605174,.10770494,5322584614.048041,2282.371410943701,2236486.856575886,73.42571506774461,3.323162851797947,-2.40372599074882,8.003268762881234,52.46107778177632,0,0,0,0,0,0,0,1,5482861,4822963,68444962375.15839,36484699737.47472,20290485159.80978
"CONGO, THE DEMOCRATIC REPUBLIC OF",490,0,0,0,133091.3387162995,49.396194,.0026812391268647,1,0,1,0,0,0,9.8345423,.60031873,.6110746573516623,.60288155,6844.5713,6795.7485,5327.0244,5.9593539,-33.085396,-33.656906,-31.942385,-33.656906,-31.942385,-33.610783,-32.513889,-33.656906,-33.610783,18957854645.36091,682.2361485161109,32453796.23415903,121.7478654181888,.5639468769510744,.0945364643492203,6.081827600351465,1.932913664579407,0,0,0,0,0,0,0,1,5943651,9212046,90223592977.14574,39398301570.01738,28633712535.40625
COSTA RICA,94,.0030120481,.0150602409638554,.0030120481,38450.48156152911,4.2274752,.0002179797379441,1,0,0,0,1,0,18.269621,.60031462,.6017742335732367,.16378953,10098.77,10145.093,9503.6016,21,3,3,4,7,5,5,8,7,10,14471881201.86587,4841.094790063924,2796846.45994867,24.75717423133277,2.92266256812691,.2135583494570327,1.756106204811313,.6181766953422538,0,0,1,0,0,0,0,0,4588707,5906768,207443442389.7394,69547349882.29808,89916381584.91065
COTE D'IVOIRE,437,0,0,0,87872.92869850827,10.177227,.0007896535240181,0,0,1,0,0,0,13.548242,.14776184,.4540884927552335,.51531684,6749.1245,6762.4341,5929.1553,4.4075546,-8.5894346,-9.4070072,-6.8502808,-8.8942108,-6.9022856,-9.1280966,-7.511838,-8.8942108,-8.9720812,16192635403.93978,1601.991482738954,10696322.18776516,122.7201176953524,1.17260827309783,.0361446869256105,4.293690091803181,8.189169238590379,0,0,0,0,0,0,0,1,5027447,7420654,194484403672.8814,98637245689.7885,66390611244.03581
CROATIA,344,0,.0152314001171646,0,905157.8947368421,72.887856,.0011402376518219,1,0,0,0,0,164.9763531266422,19.389069,.63978755,.6483222747498405,.082752973,5885.1802,5883.4238,5223.4463,12.859919,-4.8457489,-5.3060727,-3.0769231,-2.1489878,-4.4627528,-3.8449392,-2.0716598,-2.1489878,-.76558703,48269287609.26216,10762.17354748282,4515676.518218624,7.503724696356321,3.609972494287483,.6081037330754372,.3235643423143748,9.642868452229994,0,1,0,0,0,0,0,0,3048242,2328958,188291372491.2635,55611267145,112008565825.7519
CUBA,40,0,.0653614457831325,0,794761.4515736863,156.92165,.0023491403079833,1,0,0,0,1,9544.884542243955,21.486019,.60031462,.4241072716078683,.21613038,9521.5391,9440.1738,8603.5918,4.0389032,.53978115,-1.1411589,-1.1411589,-.1541267,2.8069701,-.1541267,3.5008781,-.1541267,-.1541267,35898690459.86545,3448.568079913469,9944580.053897068,17.21629221421498,,,.1911930546790521,1.303818734941748,0,0,1,0,0,0,0,0,7747891,6388554,134843883821.3774,34366289951.03484,74774237285.86501
CYPRUS,352,0,0,0,178210.9473107979,11.629807,.0001850089640071,1,0,0,0,0,0,15.102778,.60031873,.651547730900588,.12309414,5943.9194,5932.2217,5389.7495,19.712194,-4.0069795,-4.0069795,-3.0945668,-.4736554,-2.6255646,-2.477761,.55508417,-.4736554,1.9364992,12836253271.76505,20379.27354487071,755506.8938004653,9.621600331674992,4.108143952871973,1.240290430753694,2.231019763135475,3.352540519545639,0,1,0,0,0,0,0,0,6147986,7898095,109562643698.3019,21681368213.49236,117959404764.0856
CZECH REPUBLIC,315,0,0,0,2794689.362690801,165.00136,.0070365559502905,1,0,0,0,0,0,12.989734,.60031462,.5952154791635756,.13851678,5977.9419,5968.7744,5256.207,10.879238,.95272189,.3751182,2.5119545,3.1464272,2.7048495,1.0653789,3.5504525,3.1464272,3.0151291,147921953691.4348,14403.11870081978,10153806.64325274,8.207642746056347,5.511535840500895,.4271139352271601,0,3.678833084700044,0,1,0,0,0,0,0,0,3339247,3731584,1304440063751.461,272643181923.495,438260896647.7249
DENMARK,390,0,.1254518072289157,0,1692418.657571255,32.420776,.0015118804943942,1,0,0,0,0,15069.63852492233,14.367013,.60031462,.6056029928087903,1.1860241,6176.8496,6222.353,5554.0688,21,3,3,4,7,5,5,8,7,10,212464209483.8436,41179.50637571055,5109788.396190734,9.080156693232642,1.89953883221349,1.895847806617327,0,3.621002061362279,0,1,0,0,0,0,0,0,8539267,10318798,1918269144756.894,861897142433.6267,816593555087.5585
DJIBOUTI,522,0,0,0,25255.87291708492,6.152379,.0001040308371813,2,0,1,1,0,0,7.7948203,.2402612,.2504618612729467,.55982035,6674.4326,6636.7222,6109.5708,6.0558119,2,1.267617,4,2.267617,3.3503313,1.8004416,4.0704679,2.267617,2.9853444,816291465.6543185,1209.102713250864,577093.3951013853,91.86261794820454,1.189289960517126,,16.46438088018398,.0645979179383426,0,0,0,1,0,0,0,0,1407649,3457314,14381698223.12481,2251703299.187281,10683494641.50837
DOMINICA,54,0,0,0,6.103855721393035,0,2.45773217247e-06,1,1,0,0,0,0,17.054726,.6237334,.625586370276092,.46069548,8763.6172,8814.2617,8331.6689,,,,,,,,,,,322703172.2602455,4522.102542915875,71781.26741293533,13.8089137645108,7.233416534636594,1.000448430478026,11.89661422198013,.0000896079073856,0,0,1,0,0,0,0,0,1897524,1650461,5103585555.892106,1189381014.557017,3305441545.667274
DOMINICAN REPUBLIC,42,0,0,0,93846.25557206538,21.240984,.0007133074834527,1,0,0,0,1,0,22.617588,.60031462,.60184723620943,.11269162,9047.8594,9116.7686,8464.3262,14.811833,-2.7274077,-2.9729838,-1.4964204,-.79062539,-3.1063082,-2.1995137,.96136701,-.79062539,1.5099285,18482424005.04233,2636.49253095074,6460304.254356342,58.62627313251605,2.148129208729289,.0133392446890486,1.657641527053608,1.358131424820935,0,0,1,0,0,0,0,0,5502415,9143318,211497174603.888,67023350892.7245,119474636213.6067
ECUADOR,130,.0057228915,.0632530120481928,.0057228915,267533.4727813049,39.90274,.0011975323382413,1,0,0,0,1,5872.790760502499,19.207483,.60031462,.6012288173825784,.28656262,10243.274,10339.783,9387.9395,15.667027,2.2998784,2.0398488,2.9598811,5.0744295,2.3483722,3.3547211,6.779819,5.0744295,7.2185602,32817833715.15486,3423.367852487288,9170086.978522221,60.61527759016719,1.331027397990544,.0412018217433235,.8877703742729205,40.34463492659151,0,0,1,0,0,0,0,0,5643330,6417126,229669111278.5424,101157074481.7838,96099045546.50014
EGYPT,651,.00030120483,.0015060240963855,.00030120483,2684531.715115494,388.37524,.0082709029312442,1,0,0,1,0,27281.85222207213,6.8584356,.23452024,.2958736485800604,.55890071,5946.3027,5963.0796,4863.2529,4.7922463,2,1,4,3,3.9741995,1.7406456,3,3,1.8180467,75917820825.01596,1344.907875783862,51395342.96325814,97.21250844252349,1.995843803417488,.0616309441618493,5.916444229868932,35.24048337935797,0,0,0,1,0,0,0,0,8963953,8733011,469415233941.3956,93905256341.13911,395161348606.6413
EL SALVADOR,92,0,.0981927710843374,0,103425.1587194381,21.729029,.0005264378225044,1,0,0,0,1,0,17.388491,.60031462,.6022445960970152,.1618561,10221.81,10240.821,9650.3398,14.095502,-7.4157772,-7.7641497,-6.1780357,-5.7399702,-7.5661221,-6.5831418,-4.3624206,-5.7399702,-2.9743347,13045020588.2752,2625.961931934052,4778566.430636229,65.67745508577453,1.073597036184833,.1227781103105131,3.827284038236595,1.797965420959706,0,0,1,0,0,0,0,0,5022920,3906865,121292548072.0716,37849524449.46787,65776591737.21656
EQUATORIAL GUINEA,411,0,0,0,2458.50531661641,1.7021108,.0000460860180924,1,0,1,0,1,0,9.6038723,.60987699,.6215143364961665,.34148315,6608.9014,6696.1377,6063.3052,4.481987,1,0,0,1.0899857,4,1.3920013,4,1.0899857,1.3920013,2311181139.077148,3573.609055743824,432866.5435645136,118.1881563174278,25.40907283476722,.0340902993355788,22.30015195163911,8.635932906697285,0,0,0,0,0,0,0,1,3318018,2408767,27754380926.26195,19214921224.1152,5748370837.835612
ERITREA,531,0,0,0,145812.8834355828,138.86986,.0012919234881683,2,1,0,1,0,1150,7.8917618,.24963786,.6372790369728866,.16053215,6398.4043,6380.5425,5667.0742,4.5823841,2,1,4,2.5823839,4,2,3,2.5823839,2,1980962909.567115,579.3360252160005,3421574.448729185,60.7104294478524,5.707306344129647,-11.98050793667697,27.2497336100338,.0091064830862074,0,0,0,0,0,0,0,1,2096727,1430289,2802255454.2494,0,2579751194.727888
ESTONIA,366,0,.0195663670015865,0,95629.72871137905,5.4348154,.0001812646571213,1,0,0,0,0,0,14.085908,.63978755,.5973241523167084,.41326725,6307.8735,6286.23,5706.8657,18.363602,2.5022607,2.5022607,4,7,2.5693293,3.4306707,7.5022607,7,7.2920122,14536883185.38944,10498.08313961669,1411760.745666918,9.890278824415805,8.373006702950171,2.440355237740981,0,5.046195253900291,0,1,0,0,0,0,0,0,2148275,781882,114995797951.8643,42981463076.00203,64769025153.44181
ETHIOPIA,530,0,0,0,296292.7372686749,159.90221,.0031055327840065,1,1,0,0,0,0,7.5507226,.60031462,.6634526784497586,.35506144,6564.9209,6566.667,5369.1821,6.3884912,-8.1923542,-8.8169661,-6.4292855,-7.9610968,-6.7120085,-8.5084429,-6.2831283,-7.9610968,-7.6602731,11104403031.33608,202.1609852661991,44952171.97744158,119.7126212143813,2.178856582304753,,9.870686697250815,1.077199647407212,0,0,0,0,0,0,0,1,5779339,6578510,49388628641.11933,10762069239.60595,33222902794.52551
FIJI,950,0,0,0,21876.74223550905,2.9918618,.0000694699053313,1,1,0,0,0,0,.25527322,.61077112,.5248611580213165,.2311209,13699.321,13674.279,13046.521,17.091513,-.50622821,-.59093171,.75801361,3.1981399,-.29015115,.55721641,4.1665835,3.1981399,4.2252116,2149314781.911945,2974.709965029223,714342.1170901844,27.57415711675785,2.844162365805746,-1.173871934942733,2.885455006085782,.0033717970021169,1,0,0,0,0,0,0,0,2298384,4047796,34072802373.96333,12167575938.07359,17360382862.30456
FINLAND,375,0,0,0,1150509.771984331,36.372822,.0018093935026341,1,0,0,0,0,0,15.630555,.60031462,.602763678578922,.3694241,6386.998,6591.8105,5689.6694,21,3,3,4,7,5,5,8,7,10,139931085488.2014,28183.52517956598,4890913.578819398,7.981426448737138,1.652624030965608,2.668003323897116,0,2.359385163770802,0,1,0,0,0,0,0,0,7019256,8622096,1563139070299.085,710948779131.2083,672712344063.0192
FRANCE,220,.00060240965,.082078313253012,.00060240965,25611810.50236391,522.48993,.0224143885722004,1,0,1,0,0,274409.1368364177,23.277454,.60031462,.6144816366904266,1.4779726,6082.8203,6057.6655,5030.2119,19.049034,3,3,4,5.1978927,5,5,8,5.1978927,10,1645559354761.341,28579.17090977474,56458536.03971363,9.776536539240924,1.276220064358717,2.134161649220569,0,2.858215532521175,0,1,0,0,0,0,0,0,11101651,10806016,12344088760994.11,5237348305119.57,5765979862638.829
GABON,481,0,0,0,59734.49062542767,5.1530042,.0001376074449158,1,0,1,0,0,0,11.128644,.60031873,.6095033017821393,.41712126,6689.1514,6733.5498,5942.0903,4.238812,-.069248669,-1.4325988,.33940059,-.54085124,1.4984262,-.54085124,1.6804434,-.54085124,-.15450938,9390079005.642864,10452.412837059,883568.2388120979,60.23882754466896,.3388814923882769,.9695500900261612,2.66533312039337,65.13594426489645,0,0,0,0,0,0,0,1,3701554,4724413,107539807422.0797,68492851086.21639,27347371779.82298
GAMBIA,420,0,0,0,3481.839027301208,.74712813,.0000405142622706,2,1,0,0,0,0,12.162763,.23755513,.253989937598705,.36968774,6935.2891,6936.3457,6322.5459,14.207519,2.6030135,1.9786663,2.6382217,3.8937788,3.9837387,3.6968522,6.9221244,3.8937788,6.9946294,436842361.8085338,508.3851842564342,850381.09965687,91.40741459048287,2.598144521304998,,15.31010593582194,.0537100434199588,0,0,0,0,0,0,0,1,3453915,4292808,9916088380.437082,1875353905.167776,6217243500.224546
GEORGIA,372,0,0,0,237497.8553127355,13.983798,.0005244356066315,1,0,0,0,0,2140,13.71477,.63978755,.6722536414355376,.11399161,6165.4341,6127.4487,5459.8213,16.076488,2.1439338,2.1439338,4,5,2.5693293,3.501884,7.1439338,5,7.4344387,6473285389.712295,1444.933493024265,4524580.708364733,32.31605124340612,6.081649455265105,-.0996246872152977,6.485368077696045,9.227389906578692,0,1,0,0,0,0,0,0,3175680,444052,20313397166.05856,4511743857.176673,14551223321.49724
GERMANY,260,.0019578314,.0161144578313253,.0019578314,22982005.96096177,423.47534,.0310001954072666,1,0,0,0,0,65038.27029582602,20.431988,.60031462,.6102402860416963,1.4699627,6044.8071,6036.0576,5217.8955,21,3,3,4,7,5,5,8,7,10,2457012328096.481,30611.70166050299,79224301.49101715,9.985288177722664,.9903178298406669,1.414991585999284,0,2.562112702641237,0,1,0,0,0,0,0,0,2922445,5685745,16150857083159.68,8829568009867.904,117244347481.6811
GHANA,452,0,0,0,77646.37836012428,15.116574,.0009161801026611,1,1,0,0,0,0,12.36985,.60031462,.6220667927804271,.48846844,6669.376,6638.5557,5857.3301,8.6390648,-3.9342158,-4.8905849,-4.3193302,-3.0439012,-2.3266244,-3.4746723,-.89126033,-3.0439012,-1.8778874,12374423478.62975,933.4207436211858,13323490.32311225,91.46550047278025,1.103031386843836,-.3179503060061012,6.760661108211865,3.885679235165292,0,0,0,0,0,0,0,1,6448311,7650825,108783355617.6911,35654598243.56152,57797133379.31168
GREECE,350,0,.0057228915662651,0,2872120.813994327,187.82304,.003331318492503,1,0,0,0,0,45580.47575307308,16.748615,.60031462,.607197525078396,.77144039,5834.4829,5831.6274,5003.9033,17.407402,.92692155,.79386735,1.6409564,3.836823,2.9080102,2.2843442,5.5615292,3.836823,5.9585304,183151454115.848,18245.54217953642,9825904.749696069,16.05797649601449,.7103209424143879,.0964006174710336,0,7.15087930512498,0,1,0,0,0,0,0,0,9817351,9828397,862791385408.5512,198612858574.1459,617340986843.42
GRENADA,55,0,0,0,434.8610294117647,.12113971,4.49830514706e-06,1,1,0,0,0,0,16.793383,.61557788,.6082141540840675,.46791393,8877.4023,8932.3379,8444.0625,,,,,,,,,,,476217224.36316,4812.014657134258,97693.64411764705,15.80816479400743,6.407859303055645,.3708633422621422,5.622959264578698,.0053887730935767,0,0,1,0,0,0,0,0,2238876,1969904,4632083976.089457,867922853.5037082,2834652329.650997
GUATEMALA,90,.0054216869,.0344879518072289,.0054216869,101385.3745778738,26.781305,.0007035533837633,1,0,0,0,1,0,20.30204,.60031462,.5997284571602563,.1561939,10259.334,10243.207,9526.0215,12.443199,.40834796,.077401057,1.4399568,1.4699446,.433608,.89801431,4.2072134,1.4699446,4.0900984,19185673065.73063,2194.120991191891,8434072.109955423,78.70353910576907,.5839288055468443,-.3262670717303957,1.388523478221013,2.457687685189316,0,0,1,0,0,0,0,0,4585285,5327101,182527166694.6742,61014186840.45637,89939972113.83901
GUINEA,438,0,0,0,35600.67472646225,14.291368,.0004191519113873,2,0,1,0,0,0,11.347157,.22536823,.2483545117809932,.40574506,6924.9067,6842.1592,6014.1899,4.9755507,1.7417263,.45900312,1.8360125,1.6640551,3.7172768,1.6640551,3.8237202,1.6640551,2.5122247,4364510488.633746,564.2743372709358,5989607.027151155,150.1628799135444,.730512723547588,-.0281103288002355,10.22482783347487,.1403989476555043,0,0,0,0,0,0,0,1,5707156,5748911,36696887118.35199,13105850083.65459,15140344389.49889
GUINEA-BISSAU,404,0,0,0,5889.239154411765,8.5718746,.0001203728492647,0,0,0,0,0,0,12.230883,.037688442,.2734436507060187,.46585593,7009.7959,7021.8613,6406.3931,8.2852945,-3.833272,-4.4840074,-2.3231618,-2.8055148,-2.741544,-4.0340075,-1.6450368,-2.8055148,-2.635478,593691172.6143779,568.8901741589738,1042883.922794118,116.3964295022173,.8552818456761782,-.1146403881210269,41.45504090725461,.3758737366919638,0,0,0,0,0,0,0,1,3417298,1978402,4112383792.282149,1251822447.232926,2407143025.945081
GUYANA,110,0,.054226200723016,0,11947.03058429702,3.8263845,.0000661942178941,1,1,0,0,0,0,17.324863,.60987699,.5459435734261793,.50512582,8904.8145,9088.2744,8313.7334,11.544735,2.4038343,1.8076689,4,4.0392575,2.5961657,2.6941571,5.0191722,4.0392575,5.4863057,1486661200.078427,1979.687375134109,750699.7676506391,46.61049908703555,5.978817854647537,-.0042959484485556,14.94574949392,.0189218669836123,0,0,1,0,0,0,0,0,4712513,3410750,27705612703.41895,12598303529.6124,11353963909.57918
German Democratic Republic,265,0,.0276518585675431,0,5498729.88417951,213.89801,.0090946385766091,,,,,,0,7.022892,.57700706,.5812990555372661,,6022.5947,6025.1997,5340.7197,2,-1.467815,-2.4292839,.45512238,-2.4292839,.45512238,-2.4292839,-.50634634,-2.4292839,-2.4292839,,,,,,,0,,0,0,0,0,1,0,0,0,47910,28550,307883818818.6455,0,0
HAITI,41,0,.0164156626506024,0,23223.91422396326,5.2462516,.0004293725921923,1,0,1,0,0,0,22.457111,.60031462,.5088541197832213,.20881094,9164.834,9219.2441,8606.3369,6.1580439,-8.7904902,-9.8343916,-8.7380791,-8.9031477,-7.8162909,-9.1985683,-8.0249901,-8.9031477,-8.1838446,6371139889.098469,740.5050629439074,6492291.30406592,117.8592732675918,.2007563160610703,-.0344587911539637,7.965989416469266,.0177000930151683,0,0,1,0,0,0,0,0,4279285,3392499,29335082555.31555,6351838051.334301,21402537199.23374
HONDURAS,91,.00030120483,.0480421686746988,.00030120483,52497.97919762258,12.297312,.0003985493718763,1,0,0,0,1,0,18.419155,.60031462,.6018630510909493,.15384616,10096.725,10075.146,9311.1211,14.363636,-2.146157,-2.5353236,-1.5436985,.21964069,-1.6246116,-.5925976,1.8930163,.21964069,3.3069026,6953317007.543859,1505.297741151508,4468068.248953127,64.50911792516408,1.968816506636848,.0203300337913386,6.298154881762053,.7255101927367057,0,0,1,0,0,0,0,0,4426968,4833003,115371115330.2622,29859399272.486,63551774140.42635
HUNGARY,310,0,0,0,1290504.375928678,97.454407,.0031871203701203,1,0,0,0,0,0,15.261921,.60031462,.6015584922659308,.13188787,5912.1626,5912.7397,5245.2939,11.23585,.33729568,-.21275158,1.8873429,2.5264082,2.2913682,.59529918,3.0222883,2.5264082,2.6154261,104017554788.2185,10162.31789691812,10379990.49128732,21.36124544103775,6.13915404615968,1.047852438961004,0,2.73204402471508,0,1,0,0,0,0,0,0,7461491,10523859,1096088323557.531,316812105791.8562,500607233459.0984
ICELAND,395,0,.0733433734939759,0,1237.721464271241,-.46197489,.0000277925975956,1,0,0,0,0,0,10.602729,.60031462,.6023701470694723,.15094601,7003.0361,6966.001,6311.3042,,,,,,,,,,,6779547857.419541,27006.16570256289,241145.3102796164,7.604119951371258,1.47857973258615,4.248314556561055,0,.221032053003593,0,1,0,0,0,0,0,0,3302748,4625688,101926970378.9286,38820314863.1788,46282437797.99818
INDIA,750,0,0,0,7472187.071862758,1286.1219,.0591235904903426,4,0,0,0,0,113037.4973659327,4.1196814,.011726012,.0074237977264576,.25231323,7590.3457,7803.4199,6053.249,19.506956,3,3,4,6.9590707,2,3.5478859,8,6.9590707,8.0957718,444223788395.9207,515.8155009172491,790748743.8470891,104.1758746454125,.3298797528219645,.0642398809886027,.9496273011250122,3.257568104250844,0,0,0,0,0,0,1,0,11452495,10238192,1763435258386.587,677984080192.5707,835283530351.9418
INDONESIA,850,0,0,0,2055564.220721329,297.63043,.0133828726732404,2,0,0,0,0,35011.19113872754,.99405646,.23699741,.3023042546219077,.15840353,10462.948,10516.536,8109.7788,6.702148,2.0516007,1.2316629,4,2.8581655,3.6481156,2.3601243,3.7718492,2.8581655,3.2521951,268166579301.7943,1497.143903356056,162530315.1808726,77.56618938268188,.5304055562134487,.4340347577370745,1.73729716916275,44.48273667633963,1,0,0,0,0,0,0,0,8525770,7427648,1957761400523.157,1023384683083.952,658030358854.344
"IRAN, ISLAMIC REPUBLIC OF",630,0,.0268072289156627,0,4993874.877482102,388.01514,.0098884106578413,2,0,0,0,0,17550.4219910847,6.4794002,.23452024,.222898593308702,.12677807,6419.0005,6508.6797,5138.75,5.4866948,-3.3924084,-4.6749969,-3.2770498,-3.5549102,-2.2835338,-4.0891528,-3.1437256,-3.5549102,-3.4981763,234311977055.382,5104.504578510071,46973234.44765636,55.81132702209074,.4295808006523856,.0216279995666441,.0998684861973417,86.92627893480371,0,0,0,1,0,0,0,0,8013841,3746707,1126304332665.04,440407041308.285,442112476062.0026
IRAQ,645,.0063253012,.0454819277108434,.0063253012,3724058.421720924,391.96487,.0057918183574226,2,0,0,1,0,1181.25,5.8849115,.23452024,.2370698955712196,.29567739,6203.8662,6165.6899,5277.4473,3.0380673,-3.3937593,-4.5342431,-2.8115628,-4.1858706,-1.5485613,-4.0553827,-1.7744157,-4.1858706,-3.9248953,50561475497.24235,2727.771646641754,16141061.07713089,57.15253275699112,.0759373687941821,.1775601935521212,4.908347681198345,64.16567239143285,0,0,0,1,0,0,0,0,7480990,4044719,519698452831.6387,196489204765.117,169493675227.7037
IRELAND,205,0,.0524096385542169,0,391206.3186545995,12.605836,.0005842859516412,1,1,0,0,0,0,20.165878,.60031462,.6027826227306948,2.2905676,6368.2388,6422.4497,5791.3096,21,3,3,4,7,5,5,8,7,10,96087876931.12285,26232.86197674895,3431779.730649737,12.05812508442505,5.112134934303829,5.155928486093282,0,.756046931589246,0,1,0,0,0,0,0,0,7829376,9493055,1939642412005.051,975450682372.8806,782260313006.2694
ISRAEL,666,.0090361442,.0238704819277108,.0090361442,5558357.245846279,159.41685,.0030988301094151,5,0,0,1,0,5960.313462076686,4.7958937,0,-.0336424964831257,.20839663,5988.8672,5972.2598,5363.2188,18.288261,2.3920033,2.3920033,4,7,2.9447522,3.5042551,7.3920031,7,7.2882614,94671440233.47897,19618.28955714444,4450635.245170876,10.53316627886127,1.126955787687999,.6520514467580388,3.051256805417924,.3154379484347222,0,0,0,1,0,0,0,0,8792408,8131325,964853407830.411,396535220000,485370759836.3535
ITALY,325,0,.0365963855421687,0,13179815.26286641,431.85559,.0191981317979199,1,0,0,0,0,85428.01729028772,19.283129,.60031462,.6048966286226732,1.4656816,5853.2803,5876.8618,4890.4453,21,3,3,4,7,5,5,8,7,10,1478629727453.985,26298.29071424295,55710084.42239633,15.33894367148455,.5027763790004749,.507963059509,0,3.784133761106196,0,1,0,0,0,0,0,0,11152434,11402813,9490386843432.838,4127108350905.726,4310703143422.191
JAMAICA,51,0,.0031675641431739,0,28250.97922848665,2.469408,.0001689248410343,1,1,0,0,0,0,21.606331,.60197371,.6037377695593208,.33044609,9416.2109,9481.6836,8916.0586,20.650982,3,3,4,7,3.9529462,4.6509819,8,7,9.6509819,10222469629.70046,4364.028580986893,2298289.288681645,30.18865338420183,2.373377233864041,.4687337992297808,2.676510810921452,2.023654147446607,0,0,1,0,0,0,0,0,4345416,4239262,112532984595.187,36123649084.37729,60837878761.63963
JAPAN,740,0,0,0,21814405.06862083,240.80792,.0501627130217471,6,0,0,0,0,172175.3460759152,4.0493045,0,-.0633329681072751,.00096671731,10227.677,10043.879,8638.5166,21,3,3,4,7,5,5,8,7,10,3620799418870.627,30013.92597166934,116992595.8276375,8.320140483587933,.0684892305922561,.5853442584689577,0,.3822715216178236,1,0,0,0,0,0,0,0,10084936,8802175,16649082077249.87,8253318954850.74,5899297124977.487
JORDAN,663,.0013554217,.005421686746988,.0013554217,441833.5951641226,83.955292,.0010564692692151,2,0,0,1,0,0,5.1572337,.23452024,.252417716146372,.27717167,6000.9346,6009.2139,5339.1812,4.6382546,3,1,2,2.2132919,3.2145076,2.2124815,2,2.2132919,4.2104554,10801733357.38326,2792.145690211271,3191974.674726463,43.51764149669053,2.285883980013929,.0415476708145485,13.94269068256492,.1709384670617457,0,0,0,1,0,0,0,0,6866699,6564164,146631616148.792,32913869063.78389,116380657992.7754
KAZAKHSTAN,705,0,.0423056583818086,0,938064.0542577242,43.56443,.0034369116804823,0,0,0,0,0,0,3.5896759,.24963786,.537489941063846,.17994663,7046.186,6865.4189,5156.0034,6.6363978,2,1,4,2.2113791,3,2.7125094,3,2.2113791,5.1375284,74646604192.32555,4870.022893146219,15372035.79314243,38.47000753579457,6.867704904262731,.345152419585454,.6727885633675648,48.9597583174723,0,1,0,0,0,0,0,0,3352065,491100,196140200365.006,107203916373.9852,85875132184.13615
KENYA,501,0,0,0,188394.3524590164,18.027178,.0012697503738856,1,1,0,0,0,0,10.687805,.60358691,.6265999500000019,.49544653,6894.8296,6840.438,5872.9019,7.4476562,2.1458154,1.3494391,4,3.4591601,3.4843256,2.0625539,3.9603107,3.4591601,3.3172276,17988061480.86935,819.3335404146268,21418214.33419615,71.01482599942634,.5621272568460592,.0707243473749695,6.23886406834873,14.71657354681784,0,0,0,0,0,0,0,1,7065396,6973389,128322941128.2178,41674206999.75465,70647767672.08603
KIRIBATI,970,0,0,0,0,0,2.53669167292e-06,,,,,,0,.19253859,.64417177,.6451401058261829,.22357813,12857.446,13263.666,12766.41,,,,,,,,,,,133915700.1190818,1796.57754799798,75394.82418524871,65.65591766723816,.5386837830776438,.1383460608406393,26.42064613558867,.0170988965474782,1,0,0,0,0,0,0,0,831330,1391799,544843523.5815046,0,1205351803.600685
"KOREA, DEMOCRATIC PEOPLE'S REPUBLIC OF",731,0,0,0,2199781.301634472,796.75269,.0091006899365125,0,0,0,0,0,18508.18559218559,1.410104,.051194049,.075059785168807,,9546.6875,9487.5684,8756.6768,1.7863028,2.3082535,1,3.0752397,1.0945562,4,1,2.3834932,1.0945562,1,,,18617166.29123328,39.23203023195178,,,0,,0,0,0,0,1,0,0,0,5279973,3661568,69846829094.75302,19118471776.56784,38785416578.80573
"KOREA, REPUBLIC OF",732,0,0,0,6944323.035391058,648.08862,.0163805527488853,0,0,0,0,0,48603.38754558963,3.8527625,.36836836,.3750379520248914,.32081205,9654.207,9660.6816,8966.6953,12.321627,.28272322,-.069566391,1.763069,1.8776172,.74699444,.95717955,3.8208835,1.8776172,3.7969742,328973469347.0106,7455.984711722458,39577921.80075645,26.9121302174792,.609032837325071,.4594802322011967,1.585566059128387,2.268613171429899,1,0,0,0,0,0,0,0,8065616,3738183,5117191892718.897,2381586340461,2175843127158.464
KUWAIT,690,0,0,0,3142582.336252433,14.460106,.0016319052543787,2,0,0,1,0,0,4.1672225,.23572689,.2441958060315859,.15582386,6351.6079,6312.0522,5770.0347,2.8173397,1.3620178,-.59050447,.38575667,.78479582,2.338279,-.19160661,.38575667,.78479582,-.19160661,73782006730.94354,39800.47678474258,1471777.315995779,28.79937447873266,.0779927399577535,.0603194954805759,.0101347353799501,79.12369061661815,0,0,0,1,0,0,0,0,5183167,5785703,652396994065.2625,383041064323.9802,194818236023.4256
KYRGYZSTAN,703,0,0,0,118152.0120572721,11.784853,.0003760006405426,2,0,0,0,0,0,3.7637529,.24963786,.3465457458687056,.16889058,7157.8315,7136.29,6341.9561,8.4318008,2,1.0719669,4,4,2.8560662,1.8560663,3.2878673,4,3.0719669,3200795614.967196,665.4220530193131,4800348.040693293,44.48206480783685,2.968988683891654,.7628208746103311,12.59013354205855,16.24906225427992,0,1,0,0,0,0,0,0,2137422,1738776,15486212366.79132,6315641470,10137532571.55912
LAO PEOPLE'S DEMOCRATIC REPUBLIC,812,0,0,0,31198.33594488721,51.398621,.0005871817641497,0,0,0,0,0,0,1.3256788,.042757042,.0249516359624088,.033006489,9215.5127,9190.3105,8305.3086,5.7044439,-18.37174,-19.119547,-16.915035,-17.610968,-16.876131,-19.080643,-17.598001,-17.610968,-19.04174,2815816790.993964,573.1643630155377,3882597.288801837,104.2840192732386,2.219731974992779,.0662122407437012,13.94405972635727,317.6477737305942,1,0,0,0,0,0,0,0,4980059,2334097,16450413796.06942,4167098179.031742,10578070403.3428
LATVIA,367,0,.0211528291909043,0,107236.6239638282,5.5007534,.0003617174830445,1,0,0,0,0,0,13.355689,.63978755,.6441554374303508,.4083111,6202.9395,6208.9951,5607.3823,19,2,2,4,7,2,4,7,7,9,17289417129.68121,7377.387449378303,2404831.437829691,12.74412207987963,4.226857066529426,.275802250547157,0,2.631659723698208,0,1,0,0,0,0,0,0,2184358,1648098,91570670380.37921,24876027987.35045,65478824096.4183
LEBANON,660,0,0,0,255347.6556801297,34.461975,.0005718379440767,2,0,0,1,0,0,5.4830475,.37337336,.5973987063144953,.25272754,5981.373,5976.4697,5442.0874,12.571801,-49.588276,-49.588276,-49.271511,-49.38768,-49.685669,-49.562473,-48.133461,-49.38768,-48.566391,19912531282.69766,6242.804155310772,2752375.917060651,33.35584222612454,9.438944668026304,.8580976433568497,2.139434015665719,.2379410113661794,0,0,0,1,0,0,0,0,10325284,5425604,173464691001.7078,20434741834.94022,121972417094.3086
LESOTHO,570,0,0,0,18681.95009129641,1.534997,.0000809675136945,1,1,0,0,0,0,6.4806757,.60987699,.6169406567446291,.46241069,8217.6699,8279.4824,7708.6182,9.9297018,-7.8957701,-8.5111074,-7.0508218,-6.7236762,-6.9665246,-7.9520693,-5.3555994,-6.7236762,-6.5985999,1054530037.22389,657.3383542040135,1514856.097382836,91.9438527084606,6.350687806689501,.1570232609065917,10.69523269730862,.0254919983654315,0,0,0,0,0,0,0,1,2642472,3475445,5032793221.423865,0,1276571836.028581
LIBERIA,450,0,0,0,17910.19127380792,4.868567,.0001910629474537,0,1,0,0,0,0,10.04147,.067496069,.4464490038204915,.34332275,6940.4424,6929.4116,6239.7554,7.5673375,-19.020802,-19.708361,-18.290422,-18.742401,-17.540457,-18.821424,-17.20289,-18.742401,-18.359449,1658019776.83953,929.9807841551775,2040461.797919762,162.1519519113882,16.04486875239814,27.29998292223026,15.87651640342389,.2101387909946448,0,0,0,0,0,0,0,1,4451312,3914982,120676728131.0876,19013175269.97591,100420404511.6026
LIBYAN ARAB JAMAHIRIYA,620,0,0,0,1184772.806564906,57.633797,.0014353609617723,2,0,0,1,0,8658.882240914141,6.7053895,.23452024,.2366634440214159,.33683193,5868.9414,5912.4565,4610.3755,4,1.8115629,.14885858,.29771715,1.2977171,4,1.1488585,4.2161288,1.2977171,1.1488585,51147117889.65913,9230.504606838476,3759661.040253951,58.1454815615274,.2342871155237669,.202433332568013,.0506757320765232,98.32228550700607,0,0,0,1,0,0,0,0,6470182,6863409,535996233289.0919,318565598780.4462,164478167007.0539
LIECHTENSTEIN,223,0,0,0,0,0,1.08612169843e-06,1,0,0,0,0,0,3.1672294,.63379788,.6475614052265424,.16268471,5942.7974,5953.3926,5476.2759,,,,,,,,,,,,,26923.81169796029,,,,0,,0,1,0,0,0,0,0,0,1415628,2902767,0,0,0
LITHUANIA,368,0,.0846113167636171,0,173860.7385079126,12.07988,.0005064289374529,1,0,0,0,0,2140,14.112284,.63978755,.6440819580804825,.40869233,6123.5532,6148.5693,5569.27,21,3,3,4,7,5,5,8,7,10,25859779177.59584,7448.052227021724,3531244.262245667,9.92562170308976,3.485369701507477,.4181598114098086,0,18.0284512007849,0,1,0,0,0,0,0,0,2457734,1355848,140854293469.0814,55063181847.21282,85847571719.92886
LUXEMBOURG,212,0,0,0,76726.29663649872,1.2677293,.0010391734972309,1,0,1,0,0,0,18.860191,.60031462,.6046170943540771,1.478387,6035.9731,6054.4238,5554.9854,21,3,3,4,7,5,5,8,7,10,23047650429.99054,58046.48872317014,380904.6604079427,11.10680805079018,14.9598020709005,21.88593493180154,0,.3547373801219419,0,1,0,0,0,0,0,0,3816046,8541969,428794588476.522,74708074617.91605,1713646501946.106
"MACEDONIA, THE FORMER YUGOSLAV REPUBLIC OF",343,0,0,0,79701.70809716599,13.617814,.0003064573279352,1,0,0,0,0,0,14.941221,.63978755,.6998546883158116,.078536026,5846.2075,5849.1987,5324.0972,17.862473,2.2874906,2.2874906,4,5.5749812,2,4,7.2874904,5.5749812,9,6686110930.854542,3309.521502396785,2018755.89374529,17.86371514694786,3.305611060040326,.2032247993894931,4.235957902900562,2.794817867632194,0,1,0,0,0,0,0,0,2902809,4122614,38529378616.80133,12431821720.7578,23213138020.8178
MADAGASCAR,580,0,0,0,54981.43848364582,20.582867,.0006767891200219,0,1,1,0,0,0,7.2418227,.48124003,.5090291099810129,.45726675,8058.2734,8068.5444,7057.0981,11.347749,.28164774,-.13658136,1.8721774,1.9052963,.89024222,.70494044,3.4930887,1.9052963,2.8966744,5386358501.91332,539.1170574888473,10778912.29601752,89.62715550722204,.5172304769723212,.0599862917692158,8.848126927917059,3.419635873698235,0,0,0,0,0,0,0,1,4649233,5298600,37157934845.1916,12389911379.97509,17889998621.69105
MALAWI,553,0,0,0,16800.68008784773,5.9415812,.0003934508491947,1,1,0,0,0,0,7.42694,.60358691,.6587274035824086,.46217105,7425.2056,7409.2778,6632.1567,6.9000001,2,1.3341142,4,2.3367496,3.4433382,2.0019033,4.3364568,2.3367496,3.532943,2939293442.60562,358.6242275979542,8133051.421229868,141.8639824304536,1.238836791050111,.0867664998671493,18.03095353696407,.0879198747268041,0,0,0,0,0,0,0,1,4121628,5804988,26353860200.69671,9823455810.061123,8767020386.081976
MALAYSIA,820,0,0,0,1582682.21018506,90.201271,.0026048418478995,2,0,0,0,0,6366.854040839805,1.7584763,.22064923,.2604023178094806,.15854163,9777.2656,10346.454,8712.8828,15.496961,2.1488585,2.1488585,4,4.9393487,3.2977171,3.2977171,7.1488585,4.9393487,6.5954342,80348713053.30728,4259.769579414546,16392441.26502769,24.52700256652795,3.899441082494497,1.400839247124707,.5084426441369895,13.33804292370016,1,0,0,0,0,0,0,0,6723064,6836701,2961895492516.612,1344549826221.484,1159909896733.266
MALDIVES,781,0,0,0,8163.326122631657,-1.0244666,9.24943308966e-06,2,0,0,0,0,0,1.6795465,.23755513,.2237009343495976,.013709064,8181.2832,8321.8672,7857.1304,,,,,,,,,,,1398688241.999979,4566.915471992693,206138.5425928689,88.15564672534389,1.926657269914228,,8.762496804875552,0,0,0,0,0,0,0,1,0,954950,1246572,9691175521.695368,1220189919.491678,6095177066.452724
MALI,432,0,0,0,40937.44532639934,8.2494869,.000443494142603,2,0,1,0,0,0,13.219652,.23526002,.2430139380896811,.54595047,6643.2153,6422.1587,5164.2588,9.1168747,.060900506,-.8266046,-.10619953,.63254416,1.1457506,-.098809361,3.4798138,.63254416,1.5872451,4293853629.71347,482.3408092652892,8232873.137128781,148.3362865621049,.7908201142508682,.0584909444573187,14.61993521209097,.709877030246849,0,0,0,0,0,0,0,1,5438341,3513564,23848676181.86811,5520412919.841883,15799814346.34769
MALTA,338,0,0,0,17905.7467057101,2.1956077,.000033226852123,1,1,0,0,0,0,15.167204,.60358691,.6067778946104997,.11647727,5872.7329,5878.4072,5407.3643,,,,,,,,,,,4332858527.159088,11871.025207907,347264.2142020498,13.47503660322097,18.63926107113671,18.28283785771365,2.152850331872525,.1396704039157432,0,0,0,1,0,0,0,0,3899443,2539364,97398354804.52809,29368908748.68644,69360434951.31201
MARSHALL ISLANDS,983,0,0,0,0,0,1.67512575275e-06,1,1,0,0,0,0,.13738932,.63978755,.6407834630715166,.035321366,12507.168,12372.681,11893.479,,,,,,,,,,,137988191.1943815,2755.326169440409,50058.77320765496,35.47046558126257,24.66927820716917,2.821387245838122,39.08019704699917,,1,0,0,0,0,0,0,0,463068,677789,0,0,0
MAURITANIA,435,0,0,0,27118.39646913918,11.651156,.0001915890379089,2,0,0,0,0,0,13.679212,.23526002,.2239630543414837,.5851168,6770.0454,6560.6152,5369.2798,4.4588752,2,1,4,3.0309293,3.9738607,1.3863418,3,3.0309293,1.4124812,1976378869.27886,1072.216945005179,1869956.947447653,85.7864239770088,2.729389325922524,.0495881233609412,20.93693160991131,.6424574572592862,0,0,0,0,0,0,0,1,4518700,3221140,30540256783.24965,11655391271.48423,14221653614.54825
MAURITIUS,590,0,0,0,15687.96302174258,-.64989686,.0000728164577051,0,1,0,0,0,0,7.438343,.012303486,.3967672300299403,.48866579,8476.7002,8489.2402,7999.5771,20.688303,3,3,4,7,4.0649104,4.6883035,8,7,9.688303,4440012999.314797,3991.580270244599,1045181.681955245,28.0108395492777,.7731249650069808,.2297446165623018,1.972422849698426,.2157760308249601,0,0,0,0,0,0,0,1,3691731,3792113,76369229021.55844,30720236499.39267,32878650454.52784
MEXICO,70,.00060240965,.0632530120481928,.00060240965,1511182.379575848,140.94246,.0118549310414699,1,0,0,0,1,14089.96298797785,23.696474,.60031462,.6023475374667945,.41665515,10539.515,10539.604,8802.999,10.436174,2.1543968,1.4626503,4,3.8614075,2.8561394,2.8996353,4.3874106,3.8614075,5.6370392,551482552955.9006,6845.310171102909,76416869.19721735,49.45943536404082,1.652869006168642,.156267625266415,.0835679289949038,21.76839397904356,0,0,1,0,0,0,0,0,6444513,7052376,4483886667047.427,2020071300485.994,1860462326195.323
"MICRONESIA, FEDERATED STATES OF",987,0,0,0,0,0,6.29763726532e-06,1,1,0,0,0,0,.065124251,.63978755,.6437437322210589,.035321366,12080.854,12031.566,11448.197,,,,,,,,,,,269221266.7815403,2589.824677036748,103654.891459583,41.64447300771217,-3.652505998236203,,42.25164068521411,,1,0,0,0,0,0,0,0,1231695,1299022,0,0,0
"MOLDOVA, REPUBLIC OF",359,0,0,0,111810.5501130369,9.7098722,.0004996765259985,1,0,0,0,0,0,13.888093,.63978755,.6448003609532544,.13839115,5950.9976,5953.0913,5385.1284,18.292389,2.3590806,2.3590806,4,6.8613415,2,3.0719669,7.3590808,6.8613415,7.1439338,3979654355.885092,1095.020086497724,3649832.669932178,25.96733232856116,4.787904366243162,.0191616366742612,6.017839408324124,.5966805687600135,0,1,0,0,0,0,0,0,2679373,355910,28597248534.67576,9046846600,18723263373.18119
MONACO,221,0,0,0,0,-.68502027,2.54867611336e-06,1,0,1,0,0,0,4.4280696,.63978755,.6495394826788667,.0059384061,5923.4937,5935.4707,5463.5381,,,,,,,,,,,,,28063.71538565447,5.283633046650992,,,0,,0,1,0,0,0,0,0,0,2078253,8329701,0,0,0
MONGOLIA,712,0,0,0,98821.36458192625,23.980818,.0003609719302985,0,0,0,0,0,0,2.2709713,.061633062,.0390894901147371,0,8519.3311,8330.7969,6940.5635,10.40281,2.3585033,1.7625287,4,4.5250573,4.0086451,2.3780899,4.9746051,4.5250573,4.2161288,3632453169.693475,1637.533544558138,1863434.471835742,72.97853844609645,2.856198072466283,.0911442816304428,9.692852008377482,1.541097674113575,1,0,0,0,0,0,0,0,1800811,1410238,17664141237.25192,7905323410.567098,9152546248.103689
MOROCCO,600,0,0,0,926235.6552748885,139.47926,.0031052926516278,2,0,0,1,0,2066.037872267172,8.3694448,.23452024,.2273009791217994,.38723934,6239.9556,6330.5469,5188.4536,3.6655409,.1727678,-1.7650952,-1.0378225,-.63298661,.85627449,-.74983114,-1.0378225,-.63298661,-.37174118,38984099166.4073,1578.960521547335,22270264.49155748,81.11194110495855,.610066828572748,.0860633399491459,2.686844599392833,2.17979829005484,0,0,0,1,0,0,0,0,8012383,3681449,401869977622.5645,126936163879.1,224303815185.1899
MOZAMBIQUE,541,0,0,0,121288.6562736206,29.564058,.0010325131141345,0,0,0,0,0,0,7.9079742,.29465526,.5133057832427517,.60930592,8104.4292,7690.9243,6574.2988,8.9701433,2,1.431217,4,3.1245277,3.1375661,2.3958805,4.7248678,3.1245277,4.5519652,3391778267.944233,209.1675541188118,14939605.33975813,148.7383786848059,1.983800133375448,.0481121190357829,26.46399617221403,11.01756769471164,0,0,0,0,0,0,0,1,4296275,5088679,37764073702.65217,9483534233.598946,23133566815.83176
MYANMAR,775,0,0,0,1204941.52910982,245.74037,.0040865550587599,3,0,0,0,0,1830,2.2927191,.042757042,.043473031975005,.012429222,8915.9551,8715.3584,7695.6836,4.3782248,1.8697826,.71471024,2.6329865,2.3224368,3.9435365,1.1181953,3.6662164,2.3224368,1.2311225,9557617827.388884,245.4264645663131,36273145.27110631,86.40393040236017,2.438330088186839,,1.409238344090933,.7701958466926296,1,0,0,0,0,0,0,0,5539780,5659669,79005234600.81683,27618914146.65555,40982910420.43981
NAMIBIA,565,0,0,0,94985.43393552958,7.7318454,.0001391232376904,1,1,0,0,0,0,8.5345373,.63482112,.639568767328167,.5354839,7921.4238,7928.9438,6782.7021,17,2,2,4,5,2,4,7,5,9,,,,,,,0,,0,0,0,0,1,0,0,0,1647129,2660878,14831944370.96664,0,4403254539.555529
NAURU,971,0,0,0,0,0,3.41333833458e-07,1,1,0,0,0,0,.059990477,.64417177,.6461377186069435,.025906736,12842.626,12792.613,12303.688,,,,,,,,,,,,,8669.192509125536,39.50862653114477,,,0,,0,0,0,0,1,0,0,0,1118533,3016617,629351556.0002377,0,1205735591.588067
NEPAL,790,0,0,0,39016.13129812238,33.816967,.0009243218560043,4,0,0,0,0,0,1.8084561,.011726012,-.0361269993834691,.01450076,8006.3281,7872.9102,7069.6509,7.9991894,3,1.5049304,2.4766986,3.2765095,3.3720114,1.4171282,3.9914899,3.2765095,3.1541266,6409367938.516694,349.3306627240568,17349676.50236391,121.209388085914,.083245716847822,,6.722757245157254,.0019115023407509,0,0,0,0,0,0,1,0,5277853,5675899,31227834683.67701,6952762563.656985,15183400483.29666
NETHERLANDS,210,.0030120481,.0239457831325301,.0030120481,4954192.695799001,94.148315,.0063792902201811,1,0,0,0,0,87550.25327569904,24.119276,.60031462,.6103725631815682,1.478387,6128.4277,6128.7559,5525.8872,21,3,3,4,7,5,5,8,7,10,484596626145.9216,32807.18258749304,14418163.27043091,8.602485478859805,4.562413112489625,6.597653628845463,0,11.89448656844672,0,1,0,0,0,0,0,0,10383687,6853573,7773605235235.569,3170297200432.89,4071017055708.565
NEW ZEALAND,920,0,0,0,548611.4437390247,11.670403,.0007485998379036,1,1,0,0,0,11693.22031608807,.46467647,.60031462,.6037820877301257,.044883303,13948.315,13792.727,12565.665,21,3,3,4,7,5,5,8,7,10,94462025310.21637,26443.93985577526,3299723.449952722,11.56767526678347,2.380426653346151,.3817837260224237,0,1.553813906094044,1,0,0,0,0,0,0,0,6948235,9779553,656215751455.1254,284956753717.6501,275677454942.5487
NICARAGUA,93,0,.1272590361445783,0,106423.0309334054,21.605024,.0004114141834391,1,0,0,0,1,0,19.138187,.60031462,.6019537235178606,.27551442,10124.167,10069.926,9323.0752,10.73065,-1.1098204,-1.7991354,-.34999326,.11927597,-.47913009,-.90584898,1.870593,.11927597,1.1211671,5576040561.141923,1619.47810323504,3677397.149263812,71.18266918816673,3.134408606205365,0,22.84426121052774,.7963563228110705,0,0,1,0,0,0,0,0,4864041,6393025,58311066059.1476,14407776597.42187,30324732259.13689
NIGER,436,0,0,0,15465.18242780895,4.3120294,.0003421764746134,2,0,1,0,0,0,11.649103,.23526002,.2358434567977834,.51867396,6369.9297,6162.6533,4946.7295,8.0461197,-.17558506,-.98166144,.4182291,.9443,1.4841932,-.22758998,2.6690845,.9443,.91323388,,,7571214.103872999,120.5316494217891,,,0,.5440767415296592,0,0,0,0,0,0,0,1,4199903,7197998,20337185578.20023,8117918821.920624,10496331702.74536
NIGERIA,475,0,0,0,712412.8827152046,123.64677,.0062713036950871,2,1,0,0,0,4076.761346998536,12.227042,.34376359,.6066684717797966,.45782626,6402.0073,6394.9297,5322.335,9.3550024,-2.6545777,-3.2299166,-2.6703162,-1.3283153,-1.0714383,-2.8468592,.9573012,-1.3283153,-1.2076092,128026716218.3103,1485.617843694478,87365404.01382236,132.6550043140606,2.776665950912284,.653569860050134,.801220779051126,79.18702061227593,0,0,0,0,0,0,0,1,8191928,9941555,773633037171.6232,421568535468.377,243109843228.9332
NORWAY,385,0,.0668674698795181,0,2175491.071322437,35.689854,.001633875374848,1,0,0,0,0,11899.96717546941,14.566797,.60031462,.6035327978291255,.16917554,6369.4146,6558.5591,5525.1396,21,3,3,4,7,5,5,8,7,10,236094886417.1998,55496.22276085961,4158008.61245441,8.482655680129685,1.315611577652388,1.800704298157368,0,36.41410599052614,0,1,0,0,0,0,0,0,7469134,10341912,1835373508745.618,947498571026.4321,711718229097.1148
OMAN,698,0,0,0,1631624.409068261,27.540773,.0006932990865305,3,0,0,1,0,0,2.8277726,.23923445,.2381518873988033,.10330065,6849.645,6781.3281,5892.3467,1.4843982,3,1,1,1.3813319,4,1.1030663,1,1.3813319,1.1030663,23784033832.83747,13386.67392763449,1508464.502228826,72.49421740339244,1.177680650252007,.3356961276582681,2.140309824698468,85.68423010055209,0,0,0,1,0,0,0,0,3900716,4576677,288003118813.1398,177594343403.4288,100024007735.4453
PAKISTAN,770,0,0,0,2047649.294880454,500.8783,.011294398446576,2,0,0,0,0,40884.6342023504,3.3780899,.23452024,.2344782368245822,.21088247,7308.1841,7159.4395,5936.5576,11.292719,-4.6247468,-5.2484126,-4.6567607,-3.085506,-3.6691883,-4.427124,-.91287315,-3.085506,-2.6636498,67628464579.80011,643.6925335691295,95502083.71970822,118.3777387545558,.569158713659585,.0195929912878385,3.515727452467994,1.890510266747959,0,0,0,0,0,0,1,0,9615100,8935049,440295377879.6154,164589581787.7531,259735684107.0807
PALAU,986,0,0,0,0,0,6.90442427138e-07,1,1,0,0,0,0,.10941233,.63978755,.6454106021124094,.058994196,11072.42,11008.656,10535.968,,,,,,,,,,,199235928.1497569,10540.64968831117,18913.36837075968,22.97754419493563,7.744366892627666,-.0083057304146829,40.98821476972063,,1,0,0,0,0,0,0,0,761549,988947,185044516.8246021,0,100938320.4878987
PANAMA,95,0,.0551204819277108,0,68165.52181548021,6.9555588,.0002841634607592,1,0,0,0,1,0,18.526678,.60031462,.6045756954706353,.1394835,9895.8086,9989.8115,9246.9033,12.347292,2.4086182,1.7877887,3.2132919,3.9475889,3.7403755,3.0501149,6.0318789,3.9475889,5.7764421,10123619819.4896,4269.701974563572,2236421.940429556,34.4666756720242,3.103052138848589,1.137478456381579,1.085292662603977,13.53991568619089,0,0,1,0,0,0,0,0,4334462,6498084,131011314253.8053,17360289042.95251,301605989931.3933
PAPUA NEW GUINEA,910,0,0,0,42607.1164021164,3.6538172,.0002037107142857,1,1,0,0,0,0,.8851096,.61712694,.6218650711812163,.21611229,12363.381,12089.358,10940.271,15,2,2,4,5,1,0,7,5,4,7908998958.695351,1740.417248788668,4532781.82558579,65.27273242630267,3.084421838230354,.0024404748141969,10.23035786020701,10.95342642309677,1,0,0,0,0,0,0,0,1802137,4250374,83204506170.41213,39874364108.37193,32804172121.99376
PARAGUAY,150,0,0,0,61914.57138997703,16.462246,.0003836083749831,1,0,0,0,1,0,16.299879,.60031462,.6019038834282758,.12470653,10188.574,10217.141,9338.9844,9.0018911,2.0774012,1.5043901,4,3.262326,3.1460218,2.3147373,4.7853575,3.262326,4.0226936,8935074373.078655,2182.432688174346,3780693.649466433,43.06731054977561,1.03442326679366,.113067118289394,.994094162457362,13.86317495609807,0,0,1,0,0,0,0,0,4127349,4423722,75438914214.45558,27625227580.07775,54349297982.6095
PERU,135,.00015060241,.1414156626506024,.00015060241,726667.6816155613,105.71012,.0029919171146832,1,0,0,0,1,51711.78225043901,20.155342,.60031462,.6023055461775903,.35368043,10672.888,10465.844,9179.8252,13.461975,-3.8526273,-4.0861812,-3.0873971,-2.0460625,-3.423342,-3.5374849,.34837228,-2.0460625,-.89774418,64825527229.14722,3339.653057613799,19450696.67107929,69.89042280156804,1.569148972993226,.0570762156699836,.9877554365186774,7.830245156987979,0,0,1,0,0,0,0,0,6689986,8104280,317234529996.3171,146390962874.3229,137337677739.6945
PHILIPPINES,840,0,0,0,736913.917736053,101.81615,.0047236860191814,1,1,0,0,0,6978.246225319396,1.1938404,.60031462,.6166630677088988,.23090734,10312.29,10206.958,9306.585,13.248008,.63636363,.33783603,1.9121977,2.2811022,.69269216,.78657299,4.3287854,2.2811022,3.7221396,84590055172.20213,1477.620616009747,55561123.25543699,45.41842496285145,1.056086204394051,.2463458896209488,1.295874360817548,1.311388946486799,1,0,0,0,0,0,0,0,9555651,6959451,1170041867552.87,439693163752,575928579984.3518
POLAND,290,0,.007078313253012,0,4606649.2752938,309.05661,.0121627915439684,1,0,0,0,0,12645.59556936377,16.87586,.60031462,.6024928026487231,.11642038,6051.4175,6049.5078,5244.0195,10.677023,2.3813319,1.808321,4,4.4277997,3.4552209,2.4519789,5.0892882,4.4277997,4.5869241,289876330506.1138,7553.335971175634,35962409.36863434,20.67214642712442,2.73248072476132,.2018908299958624,0,8.19231744964179,0,1,0,0,0,0,0,0,9678235,7697295,1628555503376.475,452131813597.1799,789711882392.5162
PORTUGAL,235,0,.0316265060240964,0,1299943.762663785,111.97798,.0020583303390517,1,0,0,0,0,25631.78414156423,20.20289,.60031462,.6020089191525263,.60074574,6286.4619,6271.0664,5216.749,15.812103,-.87153858,-1.1168445,.33391869,1.613535,1.048764,.31284615,2.947994,1.613535,3.8870728,139900616612.4363,14144.48165196352,9696891.870863164,25.96713494529295,1.568116284299002,1.184207750098309,0,2.523901081525426,0,1,0,0,0,0,0,0,8909593,6004694,1192400432068.313,383633459395.8232,712068923082.0524
QATAR,694,0,0,0,741962.4844361286,8.4521179,.000607913573737,2,0,0,1,0,0,4.0120769,.23992838,.2731687829598545,.2815046,6572.3975,6531.8306,6030.2661,1,3,1,1,1,4,1,1,1,1,43055344315.57112,61882.97506049292,432221.2502126212,20.8092022452797,1.165781090116372,.0923921973791146,.0317562666444606,92.3532828305747,0,0,0,1,0,0,0,0,2591829,5459863,263795243391.5943,168941338919.5436,72531701805.85164
ROMANIA,360,0,.0010542168674699,0,1762230.383628259,198.57126,.0068319966905309,1,0,0,0,0,12955.27324156138,14.039173,.60031462,.6041580086146913,.19210054,5903.5239,5918.749,5144.3345,9.5189791,.19032824,-.38268271,1.8873429,1.7600973,1.0792922,.021342698,2.7834661,1.7600973,1.8945023,115654521215.8848,5186.900622548425,21670685.85586924,28.78697188073987,2.608409256830287,.034888323713604,0,8.983917590983879,0,1,0,0,0,0,0,0,7784372,2895458,722222180166.144,247564175805.879,300366616419.3615
RUSSIAN FEDERATION,365,0,.0703313253012048,0,116281693.7749561,2847.2737,.1260266327569934,0,0,0,0,0,2115786.43482372,12.116574,.60031462,.6545517871629756,.073056206,6363.1523,7845.77,3822.5562,8.5084429,2,1.4040254,4,3.4269891,3.2829933,2.1421046,4.6161017,3.4269891,3.9097662,1063745729466.818,7240.177196590114,139990427.6433878,20.32126278201526,1.092642861170383,.9627133528070597,0,49.58083659844675,0,1,0,0,0,0,0,0,9568762,1602774,3656611454436.129,1594265979089.873,803234861650.5322
RWANDA,517,0,0,0,48732.35580048043,20.917196,.0004053629504027,1,1,1,0,0,0,7.3844848,.60358691,.631938407849669,.50916702,6799.1802,6800.9819,6242.9458,5.1062598,1.3710612,.18991098,.75964391,1.4034195,3.6485798,1.5413311,3.9912393,1.4034195,2.2725732,2107228129.49246,350.1978100182288,5912916.045075597,115.3140031086627,.5393590909641561,0,17.48002777992765,.0437750462256519,0,0,0,0,0,0,0,1,4229276,5107773,10985826767.63776,2685029502.724298,5204852033.979517
S. VIETNAM,817,0,0,0,496565.8390219053,715.3067,.0068723470198675,,,,,,0,.4350484,.049477734,.1501047428154805,,9705.3174,9587.0332,8475.5508,8,-36.126846,-36.568008,-35.622005,-35.811512,-35.559856,-35.559856,-35.434029,-35.811512,-34.236374,,,,,,,0,,0,0,0,0,1,0,0,0,0,0,0,0,0
S. YEMEN,680,0,0,0,113328.6773070226,27.237377,.0004023282936738,,,,,,0,2.6868834,.23071764,.220842010872627,,6614.499,6641.6001,5660.0752,3.9460244,2,1,4,2.6192687,3.9199071,1.2466629,3,2.6192687,1.3267556,,,,,,,0,,0,0,0,0,1,0,0,0,2441579,0,0,0,0
SAINT KITTS AND NEVIS,60,0,.0015422578655151,0,7.624968789013733,0,1.87274656679e-06,1,1,0,0,0,0,13.182272,.62728512,.6290741351254382,.50810945,8781.4258,8835.8809,8367.7988,,,,,,,,,,,461750601.8862551,10465.90852863214,43635.38027465668,22.63568039950092,11.96589436819383,.8216241752782323,3.174314444226633,.0098254845834453,0,0,1,0,0,0,0,0,1048037,1611837,5228236978.577035,0,3754251286.695743
SAINT LUCIA,56,0,.0012817226352217,0,0,0,4.67710334477e-06,1,1,0,0,0,0,17.733061,.6237334,.625988976345938,.51579863,8785.8584,8844.3096,8360.4707,,,,,,,,,,,885798924.2683188,6088.840718334883,142681.4978559177,17.59058747855876,8.527115711168392,.5642826205401299,3.735262190329889,.0005735218277607,0,0,1,0,0,0,0,0,1878218,1774598,9039605516.227037,0,5494509649.115741
SAINT VINCENT AND THE GRENADINES,57,0,.0012817226352217,0,925.1807461406518,0,3.67458404803e-06,1,1,0,0,0,0,14.420669,.6237334,.6248467753025282,.46480715,8823.2031,8875.1797,8398.1504,,,,,,,,,,,419049777.8141748,3911.364644632266,106629.3874356775,23.03822898799318,8.139023792144451,.023615060487347,5.530762080920989,.0971567809108843,0,0,1,0,0,0,0,0,1587724,1627750,7061630393.810093,0,5124849498.369634
SAMOA,990,0,0,0,0,0,5.60812925170e-06,1,1,0,0,0,0,0,.6237334,.6256623074438634,.18664773,13866.863,13846.752,13285.842,,,,,,,,,,,433157384.7410458,2559.617956630184,158395.4874895747,22.65011235955078,1.325446691060483,-.4482368799979022,10.93735875495788,.1501472357946522,1,0,0,0,0,0,0,0,2134736,2375646,5117451027.774392,1090087401.157535,3357001288.306591
SAN MARINO,331,0,0,0,0,0,2.15058025622e-06,1,0,0,0,0,0,3.0068891,.63978755,.6434857307437846,.034249414,5870.229,5878.5024,5412.9897,,,,,,,,,,,1986581569.213632,71266.71402046322,22807.78292584088,7.381026843888562,,,0,,0,1,0,0,0,0,0,0,906022,1285583,0,0,0
SAO TOME AND PRINCIPE,403,0,0,0,96.89002267573696,-1.1521164,.0000107386545729,1,0,0,0,0,0,10.104687,.61712694,.6203159162232798,.34224188,6823.1929,6861.917,6391.8745,,,,,,,,,,,130988800.594875,890.6060317384641,118599.0863567649,59.60665154950888,5.58028964050101,11.53217248839424,37.75992636006263,.0027219695135913,0,0,0,0,0,0,0,1,2725747,1441344,1362198958.444112,264280892.0387892,915483242.2635407
SAUDI ARABIA,670,0,0,0,13854576.64244225,115.57058,.007126269931109,2,0,0,1,0,13137.46056101654,4.6258273,.23452024,.23246488796163,.18850988,6380.999,6298.4106,4871.499,1,3,1,1,1,4,1,1,1,1,302985368572.7393,22712.37294555388,13254000.81683102,45.93856097975709,.4184961561759649,.2122962724992538,.0097091542672417,93.23519385130039,0,0,0,1,0,0,0,0,6634257,5366884,2803602469653.134,1749778593095.898,862079625708.0653
SENEGAL,433,0,0,0,61019.30806076365,12.183249,.00057887773368,2,0,1,0,0,0,15.02217,.23526002,.2612015749639092,.52748638,6902.9023,6846.2104,6067.1279,9.6559467,.73080605,-.015601478,2.5268919,2.0121801,1.2949227,1.5869714,2.6651156,2.0121801,4.6668949,6162608080.530965,910.7501070860291,6886811.431777747,90.64143971534313,.8855705108224126,.2271614962926766,9.906873876918629,12.38999413388428,0,0,0,0,0,0,0,1,6071847,5820124,65216657161.90282,20487977152.35113,40664064270.65211
SERBIA,345,0,.005421686746988,0,1539559.186681075,203.17899,.0041246440902337,1,0,0,0,0,6088.476563555316,12.504525,.60031462,.6349954861091929,.24692722,5867.1504,5857.7515,5085.2847,6.7538834,2,1.1543969,4,3.4333379,3.467243,1.6354181,3.6175876,3.4333379,2.5539646,27695281055.4275,3680.388365886964,7568702.956870612,18.64596754057429,2.425261932613975,,6.760762935625553,2.729431632026719,0,1,0,0,0,0,0,0,8417514,8172141,421689019050.0691,10710062949.19464,41656524689.92878
SEYCHELLES,591,0,0,0,9325.358185711504,-.82051784,7.88284407242e-06,1,1,1,0,0,0,5.6480436,.6237334,.6275117035055208,.46079206,7708.1045,7700.8726,7246.3813,,,,,,,,,,,560917832.7826641,7601.351754470904,72355.97683472844,16.24379988320009,6.945297218376786,1.937772017768132,7.776779253317134,6.024592077046445,0,0,0,0,0,0,0,1,1748687,3141995,10366411815.93695,0,5633108009.948299
SIERRA LEONE,451,0,0,0,13795.07144842925,4.972755,.0002404640116764,2,1,0,0,0,0,11.456908,.15151516,.3058620415299257,.35312501,6942.5029,6934.5635,6289.2095,8.2951069,-8.7595215,-9.350709,-7.4795661,-7.6055045,-7.4562135,-8.9270229,-6.5382261,-7.6055045,-8.0198774,1496580346.6183,407.2992064117441,3778884.296219071,164.7122185154299,.3351321091553919,-.0220639869607359,12.9997313206199,2.954661006338123,0,0,0,0,0,0,0,1,4082067,5820998,16178680172.1801,3875409337.129679,7842248711.554295
SINGAPORE,830,0,0,0,2100274.471878264,48.28286,.0020727041772341,0,1,0,0,0,2801.838476690742,1.2722661,.018431002,.1550251174056179,.18065499,9967.2119,9915.0479,9410.0635,9,2,2,4,3,4,2,7,3,2,68752182782.05602,20249.50879579653,3012822.145606445,9.479725496046715,10.42190162814636,4.398735611118615,.2879997253977312,18.18174541899624,1,0,0,0,0,0,0,0,5635274,6449015,3897393050681.696,1950694653471.458,1909540733919.505
SLOVAKIA,317,0,0,0,469796.2753036437,35.595142,.0016626172874494,1,0,0,0,0,0,19.388664,.63978755,.6329130202625681,.38385907,5919.4897,5936.8921,5346.9502,19.233198,3,3,4,6.6165991,2,3.6165991,8,6.6165991,8.2331982,55255597833.81552,10282.57047144447,5372340.198380567,8.695303643724664,3.722694281641584,.3053370117581407,0,5.319394949846678,0,1,0,0,0,0,0,0,2570884,2307080,389316613785.3165,127163160783.5072,187064587480.0188
SLOVENIA,349,0,.0632688927943761,0,308595.2663967611,9.5295544,.0003654597165992,1,0,0,0,0,0,18.000404,.63978755,.6495350509715105,.43179026,5899.0776,5907.1543,5369.3071,21,3,3,4,7,5,5,8,7,10,36758441930.51541,18460.11092167264,1990704.596761134,5.034331983805645,2.016450992401786,.8581762843684626,.3156801393068244,1.491586532424057,0,1,0,0,0,0,0,0,1880195,1812522,274043499901.2585,95805975262.95248,137640434070.7566
SOLOMON ISLANDS,940,0,0,0,0,0,.0000111121330846,1,1,0,0,0,0,.43967661,.6237334,.6285528784653872,.22528978,12838.336,12805.455,11819.223,17.620117,-9.1847019,-9.1847019,-8.342454,-5.8157129,-9.9809284,-10.24544,-4.9734659,-5.8157129,-6.5296435,517672181.297527,1348.143116470441,341006.5039386401,30.35321310116007,1.548048718092743,-1.285948572967347,20.26541175437443,,1,0,0,0,0,0,0,0,873174,1922547,6199960349.945831,2885951059.074149,2530732357.801149
SOMALIA,520,0,0,0,37351.15136170795,21.902697,.0005640387299849,2,0,0,1,0,0,7.7145205,.23526002,.2216604340724228,.4741922,7007.5093,6853.2656,5758.0415,8.6318598,-28.585466,-29.335295,-29.197618,-28.308609,-27.70672,-29.272341,-26.469139,-28.308609,-28.721638,,,6418278.619679759,107.8200911052465,,,0,.6294123617415104,0,0,0,0,0,0,0,1,5772879,5215089,15063262264.61259,3681462316.730092,9680390595.070768
SOUTH AFRICA,560,0,0,0,2111753.783466162,67.334999,.0072328543293259,1,1,0,0,0,7532.343976554064,6.423882,.60031462,.6120526244827201,.17152327,8030.6919,8142.2573,6665.2856,16.738079,-1.5727408,-1.5727408,-.62299067,2.2262597,-1.2850196,-1.905984,3.1760097,2.2262597,-.31919491,200042220300.124,5886.173397401726,33152649.79364977,53.72890638983303,.635885802671416,.3309082344739661,.3195369992847744,7.302760934985064,0,0,0,0,0,0,0,1,7767859,10030321,1207084700191.703,201776185284.474,528869054513.5967
SPAIN,230,0,.0852409638554217,0,4953790.327704985,286.48697,.0107799806564903,1,0,0,0,1,74933.4945292449,21.227341,.60031462,.6037618518528012,.58983564,6136.0093,6148.3574,4880.5601,15.851546,-3.1724977,-3.4376605,-2.7648251,-.48115629,-1.2923139,-1.9138187,.98716736,-.48115629,1.4503579,765967681743.3792,19846.24596752595,37585292.8692422,12.53254086181286,1.831332976000147,1.668612651777019,0,4.32999795957182,0,1,0,0,0,0,0,0,8953355,7617516,4716124243860.575,1727072265029.247,2623533484518.476
SRI LANKA,780,0,0,0,327851.6219100365,54.764286,.001275286221802,3,0,0,0,0,2236.587824738271,2.7852223,.042757042,.063957122104146,.14970309,8418.2559,8396.1914,7745.7183,16.952047,3,3,4,5.7056599,2.5858436,2.4966905,8,5.7056599,6.0786166,19520797046.90465,1160.864712555641,15554733.6215048,32.88052141023911,.820315521295493,.053441823566361,4.905575891395348,2.790563594582535,0,0,0,0,0,0,1,0,7444420,2796300,197023616583.9557,75588132049.03752,99727483350.29541
SUDAN,625,0,0,0,316688.8657301094,66.791573,.0018250973254086,2,1,0,1,0,0,6.6346078,.23452024,.3103569166816506,.50255489,6248.4927,6244.5127,4818.6543,6.6566257,-5.3014994,-6.0841551,-5.0590301,-4.4203701,-3.2743483,-5.4934487,-2.8431716,-4.4203701,-5.0474133,21016728939.43691,873.31706359639,18132323.28245306,83.82019451573397,1.330369786562672,,4.214381349517757,18.9613914436152,0,0,0,0,0,0,0,1,6428037,8421202,87911316107.0302,30107232278.66179,50795735688.44476
SURINAME,115,.0057407818,.0459262530359903,.0057407818,24691.90173847317,2.1713908,.0000599695011338,0,0,0,0,0,0,16.836924,.61712694,.6460156915955847,.26879448,8815.3818,8978.123,8249.0498,13.218065,1.7802343,1.4969766,2.9939532,4.02003,3.0393045,3.3108466,6.2772107,4.02003,6.3280425,2711156991.489104,6516.74034427581,419852.6759259259,35.36696235914587,-5.813932870350445,0,7.931225306880926,2.121523904339433,0,0,1,0,0,0,0,0,3354239,1583632,26919580524.00322,11896358765.97715,13099671358.26995
SWAZILAND,572,0,0,0,16066.0531661641,.23869227,.0000522040311062,1,1,0,0,0,0,6.2797971,.60987699,.6127512481501339,.51149613,8075.8198,8132.0898,7591.6123,2.2934456,3,1.0901444,2.0901444,1.3016981,3.9098556,1.3607364,2.3605776,1.3016981,1.6311697,1984380886.420308,2286.742002045894,795837.1128392319,76.34146960799934,4.082223452196717,.8690602347078074,3.251709101973313,.6828893820368541,0,0,0,0,0,0,0,1,2358646,3570997,12092883400.89776,0,1773655207.830438
SWEDEN,380,0,.052710843373494,0,3628284.150209375,62.643116,.0038077860191814,1,0,0,0,0,29822.79989356041,15.231123,.60031462,.6062866118532297,.33655572,6323.9375,6487.4067,5459.6431,21,3,3,4,7,5,5,8,7,10,288468293968.7116,33917.87859871516,8410239.071997838,7.228555990814638,2.722332183429226,3.571761317743292,0,2.556752267232675,0,1,0,0,0,0,0,0,8239663,10075837,3242077450680.67,1545204191389.191,1364966246838.924
SWITZERLAND,225,0,0,0,2357558.099824396,25.633257,.0016124945022288,1,0,1,0,0,0,19.331081,.60031462,.6077201246717696,.16862312,5963.3374,5963.0303,5348.0576,21,3,3,4,7,5,5,8,7,10,430354768389.5026,62336.97466576728,6577993.15196542,9.216912062677324,2.112485359762591,5.224360960124006,0,.3788709053596763,0,1,0,0,0,0,0,0,9401926,11256810,3699179825972.029,1387156867772.238,1832416251079.807
SYRIAN ARAB REPUBLIC,652,.0067771086,.0393825301204819,.0067771086,1590594.760366772,268.12961,.0033145841521828,2,0,0,1,0,3282.970588235294,5.576118,.23452024,.2853614998795246,.23850296,5998.5483,6028.561,5271.5918,2.7839057,1.1181953,.13116305,3.0922599,.56423074,2.9374578,.28596514,2.1052277,.56423074,.44076726,,,11004064.73389167,46.07419964879131,.5030013639242206,.095830572098441,4.275758177751639,65.37515100487781,0,0,0,1,0,0,0,0,9222294,5333403,256512467338.3059,101446081922.3812,119760667566.0526
"TAIWAN, PROVINCE OF CHINA",713,0,0,0,5983312.88410104,443.52182,.008036522734027,0,0,0,0,0,87161.96528434419,.51573688,.013299013,-.020416536927681,.00055240991,9918.415,9868.5205,9263.2471,9.9804134,2.2570579,1.6155612,4,3.7348373,4.1296773,2.7772524,4.691071,3.7348373,5.1418343,,,,,,,0,,0,0,0,0,1,0,0,0,6171429,1373836,4368434000945.147,0,1811904079259.002
TAJIKISTAN,702,0,0,0,124595.4031650339,6.4408441,.0003637934061794,2,0,0,0,0,0,3.2739263,.24963786,.2483880719395991,.14868471,6953.5313,7018.6514,6283.0415,7.5090427,2,1,4,3.3579502,3.3545592,2.5738509,3,3.3579502,4.3669934,3041295681.320987,498.1339016785302,6116683.31876413,77.53270535041531,2.392030629987834,,9.783546771704398,13.78839171597989,0,1,0,0,0,0,0,0,2205862,479520,17727476510.13049,9230648996.180187,8014063823.19939
"TANZANIA, UNITED REPUBLIC OF",510,0,0,0,137353.3630803447,34.333752,.0014406929246595,0,1,0,0,0,0,9.7846813,.56246138,.6307419221343801,.63778406,7176.3555,7076.2583,6001.6841,6.5326662,2,1.2909369,4,3,3.6310813,2,4.1637478,3,2.3689187,15418391567.1633,499.4634601084247,23448451.56588824,105.8747567417299,2.344705945847599,,16.78823256896156,1.296642007451871,0,0,0,0,0,0,0,1,6407585,7851680,64864955532.28781,17339092857.0325,38725773051.22888
THAILAND,800,0,0,0,1988586.960421451,241.21208,.0055483022288261,3,0,0,0,0,20627.01343252738,2.3187897,.042757042,-.0008297130915497,.16144179,9266.3535,9176.2588,8162.1802,13.599892,-3.0332298,-3.2463865,-2.295826,-1.3306768,-2.8835607,-2.4061866,1.2446306,-1.3306768,.89369172,119423141737.2511,2126.400626107645,50202810.7082264,44.52675942185612,1.945027631646376,.1683484942626672,.7509616851256421,1.053124917488074,1,0,0,0,0,0,0,0,6145417,7182152,2215064610839.776,964784194735.1315,954668858915.632
TIMOR-LESTE,860,,,,-9,-5.6666665,.0000392333333333,1,0,0,0,0,0,.55846423,.65445024,.6581499842090522,,11288.863,11253.782,10655.26,17,2,2,4,7,2,0,7,7,5,573783713.0138804,576.8219872537173,994678,70.13333333333307,.4147477577856829,0,24.63687373712684,0,1,0,0,0,0,0,0,0,0,0,0,0,180540320.0302833
TOGO,461,0,0,0,21796.31736690844,6.0489941,.0002209335431778,0,0,1,0,0,0,10.65622,.22120817,.4699719051014022,.41796055,6566.8398,6560.085,5904.5449,5.8854523,-2.5871081,-4.1245379,-3.7443547,-2.7603667,-.78253728,-2.5229232,.014506637,-2.7603667,-1.5088272,1811339159.19714,538.2476007124462,3412294.127959491,102.0062269057081,1.875667479450213,-.0386935465937945,8.949983803650829,1.577867006585046,0,0,0,0,0,0,0,1,4504545,7655166,23589891489.97819,7088237259.447563,20171424922.35497
TONGA,972,0,0,0,-3.848462115528882,0,3.08336834209e-06,,,,,,0,.10347118,.64417177,.630638766529236,.22434813,13885.221,13887.13,13373.08,,,,,,,,,,,280013068.3556978,2898.212505133994,94525.52964623817,20.7112107623319,1.057586099257683,1.913718271332425,17.47766326315262,.0000275561244905,1,0,0,0,0,0,0,0,1568452,3695918,848662016.9460026,339217886.9482442,1559874009.674891
TRINIDAD AND TOBAGO,52,0,.0061767500791891,0,37775.1646177759,1.7975131,.0004959998021761,1,1,0,0,0,0,20.963261,.60197371,.5774021972005636,.48852316,8906.3975,8970.3506,8421.7217,19.80797,3,3,4,7,2.726155,3.8079696,8,7,8.3738871,9515435685.72661,8262.571466771902,1138684.68743818,31.98523385615399,5.756111952390745,.8476024038110238,.3736152733766008,69.96776128963636,0,0,1,0,0,0,0,0,3965549,5545034,182427522408.144,94017438579.14514,69911901391.86133
TUNISIA,616,0,0,0,275406.8751857355,30.222883,.0007529980143185,2,0,0,1,0,0,7.792922,.23452024,.2256881340781036,.52796572,5871.6216,5900.9634,5150.6338,4.6098881,2,1,4,1.8616776,3.5270836,1.9416453,3,1.8616776,3.0818586,17760899732.23409,2203.883891663627,7308248.813048764,67.81808451487264,2.025379865063458,.0128227517899215,3.248640872136195,21.90873585173751,0,0,0,1,0,0,0,0,6457553,5960128,302225410466.5421,106012244680.217,160557224296.0735
TURKEY,640,0,.0825301204819277,0,3918496.619343509,668.91217,.0116676451303524,2,0,0,0,0,70089.84776441983,6.4256382,.23452024,.2242832347810914,.25548959,5948.4316,5979.3721,4831.7905,17.666622,1.5780089,1.5780089,2.8069701,4.9671755,1.3775496,2.2979872,6.5131702,4.9671755,6.1406188,314715226161.1937,6050.221877981937,48688488.90476834,78.93803863298766,.4143904155895886,.0937036074464844,.4339353177890798,1.971905332417003,0,1,0,0,0,0,0,0,8527951,6916774,1436121968666.738,437368153238.4,792436900522.2846
TURKMENISTAN,701,0,.0846113167636171,0,213934.5139412208,21.203466,.0006963206103994,2,0,0,0,0,0,3.5746043,.24963786,.2957703695535734,.091498286,6569.8125,6577.6201,5597.6597,2,2,1,4,1,4,1,3,1,1,10535979570.8211,2394.313598040445,4398985.657498116,67.03620949510108,4.767233319407098,,1.020235195528299,70.04826695448142,0,1,0,0,0,0,0,0,2059541,533504,50380020029.90479,24594508204.9123,16835231961.22828
TUVALU,973,0,0,0,0,0,2.72659667542e-07,,,,,,0,.12292703,.64417177,.6449944947391082,.21812434,13406.775,13385.801,12897.732,,,,,,,,,,,26973935.59100538,2865.901159784191,9053.719527363184,41.08716832504133,-.060111064936019,,28.41067809414833,2.646459565952953,1,0,0,0,0,0,0,0,946560,595065,200239965.3456242,0,291007139.1433039
UGANDA,500,0,0,0,107151.4987989261,32.557724,.0009622131552918,1,1,0,0,0,0,9.9536524,.60358691,.6398744174847771,.48693517,6745.0698,6700.3369,5938.0933,7.4484601,-3.4445386,-4.4788752,-3.9587395,-2.4924402,-1.5108097,-3.4186802,-.45541897,-2.4924402,-2.7757525,7519800566.436546,357.5687403896,16345328.74579624,108.8173802458665,1.28924544137,.0133823207674964,8.778582042737499,1.847392008041337,0,0,0,0,0,0,0,1,5397070,6112979,35349909165.36637,13097756412.15525,17180693120.16462
UKRAINE,369,0,.0581702802749868,0,3025886.209495102,369.97852,.0154693090052752,1,0,0,0,0,19311.75506072875,14.334212,.63978755,.6482360636723759,.15173465,6042.665,6022.3472,5028.9707,17.358328,2.8598342,2.8598342,4,5.0693293,2,3.4291635,7.8598342,5.0693293,7.8583269,109059550315.4714,2189.089070524733,49822614.13828184,15.71477015825186,1.963018523515221,.0438055427453607,.4745351694570945,7.147806937801212,0,1,0,0,0,0,0,0,4055997,1460557,458743992572.9081,207061675751.4444,227900195222.8895
UNITED ARAB EMIRATES,696,0,0,0,2200054.331689063,46.387482,.0015334692294608,2,0,0,1,0,7178.517221249271,4.0813065,.23992838,.2424556247283213,.15028602,6693.5635,6673.1377,6003.8916,3,3,1,2,3,4,1,2,3,1,141862636512.0936,73295.57256207723,2006178.886205137,20.51920394624924,.7220887288998372,.3111470321681161,0,52.30787663139578,0,0,0,1,0,0,0,0,4013216,5572075,1367187414765.223,645528961775.0175,646148286751.0022
UNITED KINGDOM,200,.010391566,.2210843373493976,.010391566,25135221.72024855,314.98758,.0263819804673786,1,1,0,0,0,534020.056868837,24.384439,.60031462,.6077978715473245,,6190.5215,6319.1221,5457.4111,21,3,3,4,7,5,5,8,7,10,1472671474588.625,25664.34521291704,56889318.34877753,11.24707550992828,2.531871328880737,4.054297495718985,0,7.971059564881106,0,1,0,0,0,0,0,0,12088335,10858203,11766815066879.18,4907597191759.982,5960445937873.508
UNITED STATES,2,.01189759,.0754518072289157,.01189759,212312399.5742267,2100.324,.154978982155883,1,1,0,0,0,4690660.206943131,26.402405,.60031462,.603238550400882,.019886756,8833.6104,9747.8496,6198.1406,20.733892,3,3,4,7,4.6008377,4.7338915,8,7,9.6008377,8146303793577.671,32699.49018904078,240236223.3878157,12.77683371606075,.8748485324313756,.994121339641982,0,3.067068198057673,0,0,0,0,0,1,0,0,11276017,12557566,34376106912454.75,12873093728000,17405950077266.23
URUGUAY,165,.0021084337,.0853915662650602,.0021084337,184531.1693907875,23.785898,.0005780048899095,1,0,0,0,1,6690,17.622721,.60031462,.5795052493491298,.33973208,10494.709,10481.888,9735.085,15.68918,-.88761312,-1.1437255,.42091045,1.8048089,1.1258949,.35755774,2.8934216,1.8048089,3.8824801,21367578084.37368,6988.358221020274,3019073.205322167,31.01552073483764,.9871403741242377,.0312321279998191,.3756736347645052,.7376928656608636,0,0,1,0,0,0,0,0,5856005,6014594,124990424896.9644,47058277406.29839,64903412483.7663
UZBEKISTAN,704,0,0,0,1004450.132629992,43.386963,.002733777317257,2,0,0,0,0,0,3.5994725,.24963786,.3033557983962006,.13495997,6954.959,6705.1899,5687.3135,2,2,1,4,1,4,1,3,1,1,19818050218.59175,821.5097017675453,24031040.12810852,53.01985681989482,.7026920391001041,,1.035240435066704,,0,1,0,0,0,0,0,0,3176690,476018,70766991630.83162,27998101529.58861,35153583718.31319
VANUATU,935,0,0,0,0,0,5.09987113975e-06,1,1,1,0,0,0,.55187738,.62728512,.6310792410434243,.13995485,13334.437,13204.3,12575.724,,,,,,,,,,,417870989.7873668,2572.12556901935,161689.5638746945,29.66867362808258,8.14275142351509,.2083892316211161,20.77540647970399,.0196181668443941,1,0,0,0,0,0,0,0,1154248,2416483,4781994591.255288,0,3025272490.033539
"VENEZUELA, BOLIVARIAN REPUBLIC OF",101,0,.1367469879518072,0,879270.8446575713,61.550724,.0047707746589221,1,0,0,0,1,23130.98824800757,20.674051,.60031462,.6013752658589271,.36030936,9177.7227,9336.3408,8185.6992,18.904499,3,3,4,5.6894503,3.6267729,4.3639064,8,5.6894503,9.0863161,223696252766.9583,12914.5085221237,17686467.69134135,32.57603674186091,1.18874686917452,.5073504763971037,.0704258304153844,86.62010687311401,0,0,1,0,0,0,0,0,5948559,8186517,937722545017.6158,492612244826,332717801663.1267
VIETNAM,816,0,0,0,934216.4687288937,691.3927,.0082078927326761,0,0,0,0,0,9232.87598528639,1.0094557,.10653511,.2855980491539298,.13050684,9277.1846,9327.9346,8320.0908,3.8511415,2,1,4,2.8511415,4,1,3,2.8511415,1,46723396124.53752,613.6538674856694,59549987.97784682,39.20756399194664,4.453918468204784,.1127821069670602,3.919596458844514,21.60682871715185,1,0,0,0,0,0,0,0,6770648,3064098,431247684538.4294,167189671607.0464,192609079822.8011
YEMEN,678,0,0,0,374092.3918681616,45.625015,.0008775447116034,2,0,0,1,0,0,3.5599082,.23452024,.2195306891744847,.083275788,6522.9707,6529.6494,5739.3398,7.4952044,-4.8564095,-5.8750505,-5.005403,-3.6617587,-3.0995543,-3.9720383,-2.7884641,-3.6617587,-2.6233959,18164585798.46195,1085.24612521003,11228959.84330677,128.010046629929,.9829277970769541,.1027617109161012,4.43102057368199,87.98629348142154,0,0,0,1,0,0,0,0,2777680,3338326,101745426121.8081,39998928260.85445,16920290190.23073
ZAMBIA,551,0,0,0,86912.25373352855,16.138214,.0007179751390922,1,1,0,0,0,0,8.1639824,.60358691,.6039751453867063,.45215312,7423.8643,7336.6494,6299.9097,8.7330894,2.19224,1.6057101,4,2.8500731,3.0341141,2.1051245,4.8461199,2.8500731,4.1761346,8405210524.449587,1198.892312064189,7478100.980234261,99.73207906295826,2.931815051224064,-.2009298172031679,14.13538306392815,1.051084490330656,0,0,0,0,0,0,0,1,5108189,6422157,75136100186.11882,34033320846.75332,23683638867.97336
ZIMBABWE,552,0,0,0,268203.4530807101,35.456512,.001013651335223,1,1,0,0,1133.820677308668,0,6.3516335,.57104599,.5697482803637992,.53054076,7585.0562,7661.356,6803.3208,9.4856358,-.12027268,-.6885246,1.6107775,1.618893,1.2056484,-.040902451,2.4768705,1.618893,.9569875,10714577684.88765,1176.110363930452,9098979.169923915,61.59113829628328,.6113503702845569,.1392032571698468,3.201128475510679,1.010641218761444,0,0,0,0,0,0,0,1,5169001,7450120,82376807330.0574,35577164674.18066,24152866069.73212
